2026-07-18 16:11:12 | REMOVE | backend/src/routes/teacher.ts            |    0 |   -214 | 
2026-07-18 16:11:12 | CREATE | backend/src/routes/teacher.ts            |  297 |   +297 | dirty
2026-07-18 16:11:30 | REMOVE | backend/src/routes/teacher.ts            |    0 |   -297 | 
2026-07-18 16:11:30 | CREATE | backend/src/routes/teacher.ts            |  371 |   +371 | dirty
2026-07-18 16:11:39 | CREATE | frontend/src/api/teacher.ts              |   63 |    +63 | 
2026-07-18 16:11:59 | REMOVE | frontend/src/app/TeacherApp.tsx          |    0 |   -774 | 
2026-07-18 16:11:59 | CREATE | frontend/src/app/TeacherApp.tsx          |  778 |   +778 | dirty
2026-07-18 17:58:06 | REMOVE | frontend/src/app/TeacherApp.tsx          |    0 |   -778 | 
2026-07-18 17:58:06 | CREATE | frontend/src/app/TeacherApp.tsx          |  798 |   +798 | dirty
2026-07-18 17:58:18 | REMOVE | frontend/src/app/TeacherApp.tsx          |    0 |   -798 | 
2026-07-18 17:58:18 | CREATE | frontend/src/app/TeacherApp.tsx          |  811 |   +811 | dirty
2026-07-18 17:58:31 | REMOVE | frontend/src/app/TeacherApp.tsx          |    0 |   -811 | 
2026-07-18 17:58:31 | CREATE | frontend/src/app/TeacherApp.tsx          |  809 |   +809 | dirty
2026-07-18 17:58:39 | REMOVE | frontend/src/app/TeacherApp.tsx          |    0 |   -809 | 
2026-07-18 17:58:39 | CREATE | frontend/src/app/TeacherApp.tsx          |  809 |   +809 | dirty
2026-07-18 17:58:49 | REMOVE | frontend/src/app/TeacherApp.tsx          |    0 |   -809 | 
2026-07-18 17:58:49 | CREATE | frontend/src/app/TeacherApp.tsx          |  814 |   +814 | dirty
2026-07-18 17:58:55 | REMOVE | frontend/src/app/TeacherApp.tsx          |    0 |   -814 | 
2026-07-18 17:58:55 | CREATE | frontend/src/app/TeacherApp.tsx          |  813 |   +813 | dirty
2026-07-18 17:59:54 | REMOVE | frontend/src/app/TeacherApp.tsx          |    0 |   -813 | 
2026-07-18 17:59:54 | CREATE | frontend/src/app/TeacherApp.tsx          |  966 |   +966 | dirty
2026-07-18 18:00:17 | REMOVE | frontend/src/app/TeacherApp.tsx          |    0 |   -966 | 
2026-07-18 18:00:17 | CREATE | frontend/src/app/TeacherApp.tsx          |  966 |   +966 | dirty
2026-07-18 18:01:02 | CREATE | backend/probe.ts                         |    0 |        | 
2026-07-18 18:01:02 | WRITE  | backend/probe.ts                         |    7 |     +7 | 
2026-07-18 18:01:22 | WRITE  | backend/probe.ts                         |   18 |    +11 | 
2026-07-18 18:02:12 | WRITE  | backend/probe.ts                         |   16 |     -2 | 
2026-07-18 18:02:13 | REMOVE | backend/probe.ts                         |    0 |    -16 | 
2026-07-18 18:05:54 | REMOVE | frontend/src/app/TeacherApp.tsx          |    0 |   -966 | 
2026-07-18 18:05:54 | CREATE | frontend/src/app/TeacherApp.tsx          |  967 |   +967 | dirty
2026-07-23 00:01:59 | REMOVE | backend/src/routes/teacher.ts            |    0 |   -371 | 
2026-07-23 00:01:59 | CREATE | backend/src/routes/teacher.ts            |  374 |   +374 | dirty
2026-07-23 00:02:13 | REMOVE | frontend/src/api/teacher.ts              |    0 |    -63 | 
2026-07-23 00:02:13 | CREATE | frontend/src/api/teacher.ts              |   64 |    +64 | dirty
2026-07-23 00:02:15 | REMOVE | frontend/src/api/teacher.ts              |    0 |    -64 | 
2026-07-23 00:02:15 | CREATE | frontend/src/api/teacher.ts              |   65 |    +65 | dirty
2026-07-23 00:02:21 | REMOVE | frontend/src/app/TeacherApp.tsx          |    0 |   -967 | 
2026-07-23 00:02:21 | CREATE | frontend/src/app/TeacherApp.tsx          |  970 |   +970 | dirty
2026-07-23 00:02:27 | REMOVE | frontend/src/app/TeacherApp.tsx          |    0 |   -970 | 
2026-07-23 00:02:27 | CREATE | frontend/src/app/TeacherApp.tsx          |  971 |   +971 | dirty
2026-07-23 00:02:35 | REMOVE | frontend/src/app/TeacherApp.tsx          |    0 |   -971 | 
2026-07-23 00:02:35 | CREATE | frontend/src/app/TeacherApp.tsx          |  985 |   +985 | dirty
2026-07-23 00:02:46 | REMOVE | frontend/src/app/TeacherApp.tsx          |    0 |   -985 | 
2026-07-23 00:02:46 | CREATE | frontend/src/app/TeacherApp.tsx          |  989 |   +989 | dirty
2026-07-23 00:03:09 | REMOVE | frontend/src/app/TeacherApp.tsx          |    0 |   -989 | 
2026-07-23 00:03:09 | CREATE | frontend/src/app/TeacherApp.tsx          | 1008 |  +1008 | dirty
2026-07-23 12:19:04 | REMOVE | backend/src/routes/admin.ts              |    0 |  -1009 | 
2026-07-23 12:19:04 | REMOVE | backend/src/routes/admin.ts              |    0 |  -1009 | 
2026-07-23 12:19:04 | CREATE | backend/src/routes/admin.ts              | 1033 |  +1033 | dirty
2026-07-23 12:19:04 | CREATE | backend/src/routes/admin.ts              | 1033 |  +1033 | dirty
2026-07-23 12:19:19 | REMOVE | frontend/src/api/admin.ts                |    0 |   -380 | 
2026-07-23 12:19:19 | REMOVE | frontend/src/api/admin.ts                |    0 |   -380 | 
2026-07-23 12:19:19 | CREATE | frontend/src/api/admin.ts                |  382 |   +382 | dirty
2026-07-23 12:19:19 | CREATE | frontend/src/api/admin.ts                |  382 |   +382 | dirty
2026-07-23 12:19:24 | REMOVE | frontend/src/api/admin.ts                |    0 |   -382 | 
2026-07-23 12:19:24 | REMOVE | frontend/src/api/admin.ts                |    0 |   -382 | 
2026-07-23 12:19:24 | CREATE | frontend/src/api/admin.ts                |  383 |   +383 | dirty
2026-07-23 12:19:24 | CREATE | frontend/src/api/admin.ts                |  383 |   +383 | dirty
2026-07-23 12:19:37 | REMOVE | frontend/src/app/AdminApp.tsx            |    0 |  -3614 | 
2026-07-23 12:19:37 | REMOVE | frontend/src/app/AdminApp.tsx            |    0 |  -3614 | 
2026-07-23 12:19:37 | CREATE | frontend/src/app/AdminApp.tsx            | 3616 |  +3616 | dirty
2026-07-23 12:19:37 | CREATE | frontend/src/app/AdminApp.tsx            | 3616 |  +3616 | dirty
2026-07-23 12:20:03 | REMOVE | frontend/src/app/AdminApp.tsx            |    0 |  -3616 | 
2026-07-23 12:20:03 | REMOVE | frontend/src/app/AdminApp.tsx            |    0 |  -3616 | 
2026-07-23 12:20:03 | CREATE | frontend/src/app/AdminApp.tsx            | 3650 |  +3650 | dirty
2026-07-23 12:20:03 | CREATE | frontend/src/app/AdminApp.tsx            | 3650 |  +3650 | dirty
2026-07-23 12:20:09 | REMOVE | frontend/src/app/AdminApp.tsx            |    0 |  -3650 | 
2026-07-23 12:20:09 | REMOVE | frontend/src/app/AdminApp.tsx            |    0 |  -3650 | 
2026-07-23 12:20:09 | CREATE | frontend/src/app/AdminApp.tsx            | 3649 |  +3649 | dirty
2026-07-23 12:20:09 | CREATE | frontend/src/app/AdminApp.tsx            | 3649 |  +3649 | dirty
2026-07-23 12:20:52 | REMOVE | backend/src/routes/teacher.ts            |    0 |   -374 | 
2026-07-23 12:20:52 | REMOVE | backend/src/routes/teacher.ts            |    0 |   -374 | 
2026-07-23 12:20:52 | CREATE | backend/src/routes/teacher.ts            |  449 |   +449 | dirty
2026-07-23 12:20:52 | CREATE | backend/src/routes/teacher.ts            |  449 |   +449 | dirty
2026-07-23 12:21:09 | REMOVE | frontend/src/api/teacher.ts              |    0 |    -65 | 
2026-07-23 12:21:09 | REMOVE | frontend/src/api/teacher.ts              |    0 |    -65 | 
2026-07-23 12:21:09 | CREATE | frontend/src/api/teacher.ts              |   94 |    +94 | dirty
2026-07-23 12:21:09 | CREATE | frontend/src/api/teacher.ts              |   94 |    +94 | dirty
2026-07-23 12:23:20 | REMOVE | frontend/src/app/TeacherApp.tsx          |    0 |  -1008 | 
2026-07-23 12:23:20 | REMOVE | frontend/src/app/TeacherApp.tsx          |    0 |  -1008 | 
2026-07-23 12:23:20 | CREATE | frontend/src/app/TeacherApp.tsx          | 1009 |  +1009 | dirty
2026-07-23 12:23:20 | CREATE | frontend/src/app/TeacherApp.tsx          | 1009 |  +1009 | dirty
2026-07-23 12:23:27 | REMOVE | frontend/src/app/TeacherApp.tsx          |    0 |  -1009 | 
2026-07-23 12:23:27 | REMOVE | frontend/src/app/TeacherApp.tsx          |    0 |  -1009 | 
2026-07-23 12:23:27 | CREATE | frontend/src/app/TeacherApp.tsx          | 1009 |  +1009 | dirty
2026-07-23 12:23:27 | CREATE | frontend/src/app/TeacherApp.tsx          | 1009 |  +1009 | dirty
2026-07-23 12:23:34 | REMOVE | frontend/src/app/TeacherApp.tsx          |    0 |  -1009 | 
2026-07-23 12:23:34 | REMOVE | frontend/src/app/TeacherApp.tsx          |    0 |  -1009 | 
2026-07-23 12:23:34 | CREATE | frontend/src/app/TeacherApp.tsx          | 1009 |  +1009 | dirty
2026-07-23 12:23:34 | CREATE | frontend/src/app/TeacherApp.tsx          | 1009 |  +1009 | dirty
2026-07-23 12:23:41 | REMOVE | frontend/src/app/TeacherApp.tsx          |    0 |  -1009 | 
2026-07-23 12:23:41 | REMOVE | frontend/src/app/TeacherApp.tsx          |    0 |  -1009 | 
2026-07-23 12:23:41 | CREATE | frontend/src/app/TeacherApp.tsx          | 1009 |  +1009 | dirty
2026-07-23 12:23:41 | CREATE | frontend/src/app/TeacherApp.tsx          | 1009 |  +1009 | dirty
2026-07-23 12:23:54 | REMOVE | frontend/src/app/TeacherApp.tsx          |    0 |  -1009 | 
2026-07-23 12:23:54 | REMOVE | frontend/src/app/TeacherApp.tsx          |    0 |  -1009 | 
2026-07-23 12:23:54 | CREATE | frontend/src/app/TeacherApp.tsx          | 1028 |  +1028 | dirty
2026-07-23 12:23:54 | CREATE | frontend/src/app/TeacherApp.tsx          | 1028 |  +1028 | dirty
2026-07-23 12:24:02 | REMOVE | frontend/src/app/TeacherApp.tsx          |    0 |  -1028 | 
2026-07-23 12:24:02 | REMOVE | frontend/src/app/TeacherApp.tsx          |    0 |  -1028 | 
2026-07-23 12:24:02 | CREATE | frontend/src/app/TeacherApp.tsx          | 1027 |  +1027 | dirty
2026-07-23 12:24:02 | CREATE | frontend/src/app/TeacherApp.tsx          | 1027 |  +1027 | dirty
2026-07-23 12:24:10 | REMOVE | frontend/src/app/TeacherApp.tsx          |    0 |  -1027 | 
2026-07-23 12:24:10 | REMOVE | frontend/src/app/TeacherApp.tsx          |    0 |  -1027 | 
2026-07-23 12:24:10 | CREATE | frontend/src/app/TeacherApp.tsx          | 1028 |  +1028 | dirty
2026-07-23 12:24:10 | CREATE | frontend/src/app/TeacherApp.tsx          | 1028 |  +1028 | dirty
2026-07-23 12:24:20 | REMOVE | frontend/src/app/TeacherApp.tsx          |    0 |  -1028 | 
2026-07-23 12:24:20 | REMOVE | frontend/src/app/TeacherApp.tsx          |    0 |  -1028 | 
2026-07-23 12:24:20 | CREATE | frontend/src/app/TeacherApp.tsx          | 1029 |  +1029 | dirty
2026-07-23 12:24:20 | CREATE | frontend/src/app/TeacherApp.tsx          | 1029 |  +1029 | dirty
2026-07-23 12:24:41 | REMOVE | frontend/src/app/TeacherApp.tsx          |    0 |  -1029 | 
2026-07-23 12:24:41 | REMOVE | frontend/src/app/TeacherApp.tsx          |    0 |  -1029 | 
2026-07-23 12:24:41 | CREATE | frontend/src/app/TeacherApp.tsx          | 1043 |  +1043 | dirty
2026-07-23 12:24:41 | CREATE | frontend/src/app/TeacherApp.tsx          | 1043 |  +1043 | dirty
2026-07-23 12:24:59 | REMOVE | frontend/src/app/TeacherApp.tsx          |    0 |  -1043 | 
2026-07-23 12:24:59 | REMOVE | frontend/src/app/TeacherApp.tsx          |    0 |  -1043 | 
2026-07-23 12:24:59 | CREATE | frontend/src/app/TeacherApp.tsx          | 1048 |  +1048 | dirty
2026-07-23 12:24:59 | CREATE | frontend/src/app/TeacherApp.tsx          | 1048 |  +1048 | dirty
2026-07-23 12:25:22 | REMOVE | frontend/src/app/TeacherApp.tsx          |    0 |  -1048 | 
2026-07-23 12:25:22 | REMOVE | frontend/src/app/TeacherApp.tsx          |    0 |  -1048 | 
2026-07-23 12:25:22 | CREATE | frontend/src/app/TeacherApp.tsx          | 1059 |  +1059 | dirty
2026-07-23 12:25:22 | CREATE | frontend/src/app/TeacherApp.tsx          | 1059 |  +1059 | dirty
2026-07-23 12:25:35 | REMOVE | frontend/src/app/TeacherApp.tsx          |    0 |  -1059 | 
2026-07-23 12:25:35 | REMOVE | frontend/src/app/TeacherApp.tsx          |    0 |  -1059 | 
2026-07-23 12:25:35 | CREATE | frontend/src/app/TeacherApp.tsx          | 1061 |  +1061 | dirty
2026-07-23 12:25:35 | CREATE | frontend/src/app/TeacherApp.tsx          | 1061 |  +1061 | dirty
2026-07-23 12:25:49 | REMOVE | frontend/src/app/TeacherApp.tsx          |    0 |  -1061 | 
2026-07-23 12:25:49 | REMOVE | frontend/src/app/TeacherApp.tsx          |    0 |  -1061 | 
2026-07-23 12:25:49 | CREATE | frontend/src/app/TeacherApp.tsx          | 1061 |  +1061 | dirty
2026-07-23 12:25:49 | CREATE | frontend/src/app/TeacherApp.tsx          | 1061 |  +1061 | dirty
2026-07-23 12:39:24 | REMOVE | backend/src/routes/teacher.ts            |    0 |   -449 | 
2026-07-23 12:39:24 | REMOVE | backend/src/routes/teacher.ts            |    0 |   -449 | 
2026-07-23 12:39:24 | CREATE | backend/src/routes/teacher.ts            |  457 |   +457 | dirty
2026-07-23 12:39:24 | CREATE | backend/src/routes/teacher.ts            |  457 |   +457 | dirty
2026-07-23 12:39:39 | REMOVE | backend/src/routes/teacher.ts            |    0 |   -457 | 
2026-07-23 12:39:39 | REMOVE | backend/src/routes/teacher.ts            |    0 |   -457 | 
2026-07-23 12:39:39 | CREATE | backend/src/routes/teacher.ts            |  458 |   +458 | dirty
2026-07-23 12:39:39 | CREATE | backend/src/routes/teacher.ts            |  458 |   +458 | dirty
2026-07-23 12:39:52 | REMOVE | backend/src/routes/teacher.ts            |    0 |   -458 | 
2026-07-23 12:39:52 | REMOVE | backend/src/routes/teacher.ts            |    0 |   -458 | 
2026-07-23 12:39:52 | CREATE | backend/src/routes/teacher.ts            |  459 |   +459 | dirty
2026-07-23 12:39:52 | CREATE | backend/src/routes/teacher.ts            |  459 |   +459 | dirty
2026-07-23 12:40:42 | REMOVE | backend/src/routes/teacher.ts            |    0 |   -459 | 
2026-07-23 12:40:42 | REMOVE | backend/src/routes/teacher.ts            |    0 |   -459 | 
2026-07-23 12:40:42 | CREATE | backend/src/routes/teacher.ts            |  582 |   +582 | dirty
2026-07-23 12:40:42 | CREATE | backend/src/routes/teacher.ts            |  582 |   +582 | dirty
2026-07-23 12:41:04 | REMOVE | frontend/src/api/teacher.ts              |    0 |    -94 | 
2026-07-23 12:41:04 | REMOVE | frontend/src/api/teacher.ts              |    0 |    -94 | 
2026-07-23 12:41:04 | CREATE | frontend/src/api/teacher.ts              |  129 |   +129 | dirty
2026-07-23 12:41:04 | CREATE | frontend/src/api/teacher.ts              |  129 |   +129 | dirty
2026-07-23 12:42:33 | REMOVE | frontend/src/app/TeacherApp.tsx          |    0 |  -1061 | 
2026-07-23 12:42:33 | REMOVE | frontend/src/app/TeacherApp.tsx          |    0 |  -1061 | 
2026-07-23 12:42:33 | CREATE | frontend/src/app/TeacherApp.tsx          | 1062 |  +1062 | dirty
2026-07-23 12:42:33 | CREATE | frontend/src/app/TeacherApp.tsx          | 1062 |  +1062 | dirty
2026-07-23 12:44:15 | REMOVE | frontend/src/app/TeacherApp.tsx          |    0 |  -1062 | 
2026-07-23 12:44:15 | REMOVE | frontend/src/app/TeacherApp.tsx          |    0 |  -1062 | 
2026-07-23 12:44:15 | CREATE | frontend/src/app/TeacherApp.tsx          | 1029 |  +1029 | dirty
2026-07-23 12:44:15 | CREATE | frontend/src/app/TeacherApp.tsx          | 1029 |  +1029 | dirty
2026-07-23 12:44:29 | REMOVE | frontend/src/app/TeacherApp.tsx          |    0 |  -1029 | 
2026-07-23 12:44:29 | REMOVE | frontend/src/app/TeacherApp.tsx          |    0 |  -1029 | 
2026-07-23 12:44:29 | CREATE | frontend/src/app/TeacherApp.tsx          | 1028 |  +1028 | dirty
2026-07-23 12:44:29 | CREATE | frontend/src/app/TeacherApp.tsx          | 1028 |  +1028 | dirty
2026-07-23 12:47:48 | REMOVE | frontend/src/app/TeacherApp.tsx          |    0 |  -1028 | 
2026-07-23 12:47:48 | REMOVE | frontend/src/app/TeacherApp.tsx          |    0 |  -1028 | 
2026-07-23 12:47:48 | CREATE | frontend/src/app/TeacherApp.tsx          | 1028 |  +1028 | dirty
2026-07-23 12:47:48 | CREATE | frontend/src/app/TeacherApp.tsx          | 1028 |  +1028 | dirty
2026-07-23 12:47:54 | REMOVE | frontend/src/app/TeacherApp.tsx          |    0 |  -1028 | 
2026-07-23 12:47:54 | REMOVE | frontend/src/app/TeacherApp.tsx          |    0 |  -1028 | 
2026-07-23 12:47:54 | CREATE | frontend/src/app/TeacherApp.tsx          | 1028 |  +1028 | dirty
2026-07-23 12:47:54 | CREATE | frontend/src/app/TeacherApp.tsx          | 1028 |  +1028 | dirty
2026-07-23 12:48:02 | REMOVE | frontend/src/app/TeacherApp.tsx          |    0 |  -1028 | 
2026-07-23 12:48:02 | REMOVE | frontend/src/app/TeacherApp.tsx          |    0 |  -1028 | 
2026-07-23 12:48:02 | CREATE | frontend/src/app/TeacherApp.tsx          | 1026 |  +1026 | dirty
2026-07-23 12:48:02 | CREATE | frontend/src/app/TeacherApp.tsx          | 1026 |  +1026 | dirty
2026-07-23 12:48:08 | REMOVE | frontend/src/app/TeacherApp.tsx          |    0 |  -1026 | 
2026-07-23 12:48:08 | REMOVE | frontend/src/app/TeacherApp.tsx          |    0 |  -1026 | 
2026-07-23 12:48:08 | CREATE | frontend/src/app/TeacherApp.tsx          | 1024 |  +1024 | dirty
2026-07-23 12:48:08 | CREATE | frontend/src/app/TeacherApp.tsx          | 1024 |  +1024 | dirty
2026-07-23 12:59:57 | REMOVE | backend/src/routes/teacher.ts            |    0 |   -582 | 
2026-07-23 12:59:57 | REMOVE | backend/src/routes/teacher.ts            |    0 |   -582 | 
2026-07-23 12:59:57 | CREATE | backend/src/routes/teacher.ts            |  597 |   +597 | dirty
2026-07-23 12:59:57 | CREATE | backend/src/routes/teacher.ts            |  597 |   +597 | dirty
2026-07-23 13:00:02 | REMOVE | frontend/src/api/teacher.ts              |    0 |   -129 | 
2026-07-23 13:00:02 | REMOVE | frontend/src/api/teacher.ts              |    0 |   -129 | 
2026-07-23 13:00:02 | CREATE | frontend/src/api/teacher.ts              |  142 |   +142 | dirty
2026-07-23 13:00:02 | CREATE | frontend/src/api/teacher.ts              |  142 |   +142 | dirty
2026-07-23 13:00:11 | REMOVE | frontend/src/app/SharedScreens.tsx       |    0 |   -287 | 
2026-07-23 13:00:11 | REMOVE | frontend/src/app/SharedScreens.tsx       |    0 |   -287 | 
2026-07-23 13:00:11 | CREATE | frontend/src/app/SharedScreens.tsx       |  291 |   +291 | dirty
2026-07-23 13:00:11 | CREATE | frontend/src/app/SharedScreens.tsx       |  291 |   +291 | dirty
2026-07-23 13:00:17 | REMOVE | frontend/src/app/SharedScreens.tsx       |    0 |   -291 | 
2026-07-23 13:00:17 | REMOVE | frontend/src/app/SharedScreens.tsx       |    0 |   -291 | 
2026-07-23 13:00:17 | CREATE | frontend/src/app/SharedScreens.tsx       |  291 |   +291 | dirty
2026-07-23 13:00:17 | CREATE | frontend/src/app/SharedScreens.tsx       |  291 |   +291 | dirty
2026-07-23 13:00:23 | REMOVE | frontend/src/app/SharedScreens.tsx       |    0 |   -291 | 
2026-07-23 13:00:23 | REMOVE | frontend/src/app/SharedScreens.tsx       |    0 |   -291 | 
2026-07-23 13:00:23 | CREATE | frontend/src/app/SharedScreens.tsx       |  291 |   +291 | dirty
2026-07-23 13:00:23 | CREATE | frontend/src/app/SharedScreens.tsx       |  291 |   +291 | dirty
2026-07-23 13:00:28 | REMOVE | frontend/src/app/SharedScreens.tsx       |    0 |   -291 | 
2026-07-23 13:00:28 | REMOVE | frontend/src/app/SharedScreens.tsx       |    0 |   -291 | 
2026-07-23 13:00:28 | CREATE | frontend/src/app/SharedScreens.tsx       |  294 |   +294 | dirty
2026-07-23 13:00:28 | CREATE | frontend/src/app/SharedScreens.tsx       |  294 |   +294 | dirty
2026-07-23 13:00:37 | REMOVE | frontend/src/app/TeacherApp.tsx          |    0 |  -1024 | 
2026-07-23 13:00:37 | REMOVE | frontend/src/app/TeacherApp.tsx          |    0 |  -1024 | 
2026-07-23 13:00:37 | CREATE | frontend/src/app/TeacherApp.tsx          | 1024 |  +1024 | dirty
2026-07-23 13:00:37 | CREATE | frontend/src/app/TeacherApp.tsx          | 1024 |  +1024 | dirty
2026-07-23 13:00:43 | REMOVE | frontend/src/app/TeacherApp.tsx          |    0 |  -1024 | 
2026-07-23 13:00:43 | REMOVE | frontend/src/app/TeacherApp.tsx          |    0 |  -1024 | 
2026-07-23 13:00:43 | CREATE | frontend/src/app/TeacherApp.tsx          | 1024 |  +1024 | dirty
2026-07-23 13:00:43 | CREATE | frontend/src/app/TeacherApp.tsx          | 1024 |  +1024 | dirty
2026-07-23 13:01:00 | REMOVE | frontend/src/app/TeacherApp.tsx          |    0 |  -1024 | 
2026-07-23 13:01:00 | REMOVE | frontend/src/app/TeacherApp.tsx          |    0 |  -1024 | 
2026-07-23 13:01:00 | CREATE | frontend/src/app/TeacherApp.tsx          | 1033 |  +1033 | dirty
2026-07-23 13:01:00 | CREATE | frontend/src/app/TeacherApp.tsx          | 1033 |  +1033 | dirty
2026-07-23 13:01:12 | REMOVE | frontend/src/app/TeacherApp.tsx          |    0 |  -1033 | 
2026-07-23 13:01:12 | REMOVE | frontend/src/app/TeacherApp.tsx          |    0 |  -1033 | 
2026-07-23 13:01:12 | CREATE | frontend/src/app/TeacherApp.tsx          | 1046 |  +1046 | dirty
2026-07-23 13:01:12 | CREATE | frontend/src/app/TeacherApp.tsx          | 1046 |  +1046 | dirty
2026-07-23 13:01:20 | REMOVE | frontend/src/app/TeacherApp.tsx          |    0 |  -1046 | 
2026-07-23 13:01:20 | REMOVE | frontend/src/app/TeacherApp.tsx          |    0 |  -1046 | 
2026-07-23 13:01:20 | CREATE | frontend/src/app/TeacherApp.tsx          | 1046 |  +1046 | dirty
2026-07-23 13:01:20 | CREATE | frontend/src/app/TeacherApp.tsx          | 1046 |  +1046 | dirty
2026-07-23 13:01:49 | REMOVE | frontend/src/app/TeacherApp.tsx          |    0 |  -1046 | 
2026-07-23 13:01:49 | REMOVE | frontend/src/app/TeacherApp.tsx          |    0 |  -1046 | 
2026-07-23 13:01:49 | CREATE | frontend/src/app/TeacherApp.tsx          | 1046 |  +1046 | dirty
2026-07-23 13:01:49 | CREATE | frontend/src/app/TeacherApp.tsx          | 1046 |  +1046 | dirty
2026-07-23 13:01:57 | REMOVE | frontend/src/app/TeacherApp.tsx          |    0 |  -1046 | 
2026-07-23 13:01:57 | REMOVE | frontend/src/app/TeacherApp.tsx          |    0 |  -1046 | 
2026-07-23 13:01:57 | CREATE | frontend/src/app/TeacherApp.tsx          | 1047 |  +1047 | dirty
2026-07-23 13:01:57 | CREATE | frontend/src/app/TeacherApp.tsx          | 1047 |  +1047 | dirty
2026-07-23 13:07:41 | REMOVE | backend/src/routes/admin.ts              |    0 |  -1033 | 
2026-07-23 13:07:41 | REMOVE | backend/src/routes/admin.ts              |    0 |  -1033 | 
2026-07-23 13:07:41 | CREATE | backend/src/routes/admin.ts              | 1033 |  +1033 | dirty
2026-07-23 13:07:41 | CREATE | backend/src/routes/admin.ts              | 1033 |  +1033 | dirty
2026-07-23 13:08:00 | REMOVE | backend/src/routes/teacher.ts            |    0 |   -597 | 
2026-07-23 13:08:00 | REMOVE | backend/src/routes/teacher.ts            |    0 |   -597 | 
2026-07-23 13:08:00 | CREATE | backend/src/routes/teacher.ts            |  598 |   +598 | dirty
2026-07-23 13:08:00 | CREATE | backend/src/routes/teacher.ts            |  598 |   +598 | dirty
2026-07-23 13:08:17 | REMOVE | backend/src/routes/teacher.ts            |    0 |   -598 | 
2026-07-23 13:08:17 | REMOVE | backend/src/routes/teacher.ts            |    0 |   -598 | 
2026-07-23 13:08:17 | CREATE | backend/src/routes/teacher.ts            |  664 |   +664 | dirty
2026-07-23 13:08:17 | CREATE | backend/src/routes/teacher.ts            |  664 |   +664 | dirty
2026-07-23 13:08:44 | REMOVE | frontend/src/api/teacher.ts              |    0 |   -142 | 
2026-07-23 13:08:44 | REMOVE | frontend/src/api/teacher.ts              |    0 |   -142 | 
2026-07-23 13:08:44 | CREATE | frontend/src/api/teacher.ts              |  162 |   +162 | dirty
2026-07-23 13:08:44 | CREATE | frontend/src/api/teacher.ts              |  162 |   +162 | dirty
2026-07-23 13:09:04 | REMOVE | frontend/src/app/TeacherApp.tsx          |    0 |  -1047 | 
2026-07-23 13:09:04 | REMOVE | frontend/src/app/TeacherApp.tsx          |    0 |  -1047 | 
2026-07-23 13:09:04 | CREATE | frontend/src/app/TeacherApp.tsx          | 1049 |  +1049 | dirty
2026-07-23 13:09:04 | CREATE | frontend/src/app/TeacherApp.tsx          | 1049 |  +1049 | dirty
2026-07-23 13:09:12 | REMOVE | frontend/src/app/TeacherApp.tsx          |    0 |  -1049 | 
2026-07-23 13:09:12 | REMOVE | frontend/src/app/TeacherApp.tsx          |    0 |  -1049 | 
2026-07-23 13:09:12 | CREATE | frontend/src/app/TeacherApp.tsx          | 1025 |  +1025 | dirty
2026-07-23 13:09:12 | CREATE | frontend/src/app/TeacherApp.tsx          | 1025 |  +1025 | dirty
2026-07-23 13:09:30 | REMOVE | frontend/src/app/TeacherApp.tsx          |    0 |  -1025 | 
2026-07-23 13:09:30 | REMOVE | frontend/src/app/TeacherApp.tsx          |    0 |  -1025 | 
2026-07-23 13:09:30 | CREATE | frontend/src/app/TeacherApp.tsx          | 1025 |  +1025 | dirty
2026-07-23 13:09:30 | CREATE | frontend/src/app/TeacherApp.tsx          | 1025 |  +1025 | dirty
2026-07-23 13:09:36 | REMOVE | frontend/src/app/TeacherApp.tsx          |    0 |  -1025 | 
2026-07-23 13:09:36 | REMOVE | frontend/src/app/TeacherApp.tsx          |    0 |  -1025 | 
2026-07-23 13:09:36 | CREATE | frontend/src/app/TeacherApp.tsx          | 1026 |  +1026 | dirty
2026-07-23 13:09:36 | CREATE | frontend/src/app/TeacherApp.tsx          | 1026 |  +1026 | dirty
2026-07-23 13:10:26 | REMOVE | frontend/src/app/TeacherApp.tsx          |    0 |  -1026 | 
2026-07-23 13:10:26 | REMOVE | frontend/src/app/TeacherApp.tsx          |    0 |  -1026 | 
2026-07-23 13:10:26 | CREATE | frontend/src/app/TeacherApp.tsx          | 1039 |  +1039 | dirty
2026-07-23 13:10:26 | CREATE | frontend/src/app/TeacherApp.tsx          | 1039 |  +1039 | dirty
2026-07-23 13:23:41 | REMOVE | frontend/src/app/TeacherApp.tsx          |    0 |  -1039 | 
2026-07-23 13:23:41 | REMOVE | frontend/src/app/TeacherApp.tsx          |    0 |  -1039 | 
2026-07-23 13:23:41 | CREATE | frontend/src/app/TeacherApp.tsx          | 1052 |  +1052 | dirty
2026-07-23 13:23:41 | CREATE | frontend/src/app/TeacherApp.tsx          | 1052 |  +1052 | dirty
2026-07-23 13:23:53 | REMOVE | frontend/src/app/TeacherApp.tsx          |    0 |  -1052 | 
2026-07-23 13:23:53 | REMOVE | frontend/src/app/TeacherApp.tsx          |    0 |  -1052 | 
2026-07-23 13:23:53 | CREATE | frontend/src/app/TeacherApp.tsx          | 1051 |  +1051 | dirty
2026-07-23 13:23:53 | CREATE | frontend/src/app/TeacherApp.tsx          | 1051 |  +1051 | dirty
2026-07-23 13:24:10 | REMOVE | frontend/src/app/TeacherApp.tsx          |    0 |  -1051 | 
2026-07-23 13:24:10 | REMOVE | frontend/src/app/TeacherApp.tsx          |    0 |  -1051 | 
2026-07-23 13:24:10 | CREATE | frontend/src/app/TeacherApp.tsx          | 1046 |  +1046 | dirty
2026-07-23 13:24:10 | CREATE | frontend/src/app/TeacherApp.tsx          | 1046 |  +1046 | dirty
2026-07-23 13:24:20 | REMOVE | frontend/src/app/TeacherApp.tsx          |    0 |  -1046 | 
2026-07-23 13:24:20 | REMOVE | frontend/src/app/TeacherApp.tsx          |    0 |  -1046 | 
2026-07-23 13:24:20 | CREATE | frontend/src/app/TeacherApp.tsx          | 1046 |  +1046 | dirty
2026-07-23 13:24:20 | CREATE | frontend/src/app/TeacherApp.tsx          | 1046 |  +1046 | dirty
2026-07-23 13:24:30 | REMOVE | frontend/src/app/TeacherApp.tsx          |    0 |  -1046 | 
2026-07-23 13:24:30 | REMOVE | frontend/src/app/TeacherApp.tsx          |    0 |  -1046 | 
2026-07-23 13:24:30 | CREATE | frontend/src/app/TeacherApp.tsx          | 1042 |  +1042 | dirty
2026-07-23 13:24:30 | CREATE | frontend/src/app/TeacherApp.tsx          | 1042 |  +1042 | dirty
2026-07-23 13:24:46 | REMOVE | frontend/src/app/TeacherApp.tsx          |    0 |  -1042 | 
2026-07-23 13:24:46 | REMOVE | frontend/src/app/TeacherApp.tsx          |    0 |  -1042 | 
2026-07-23 13:24:46 | CREATE | frontend/src/app/TeacherApp.tsx          | 1039 |  +1039 | dirty
2026-07-23 13:24:46 | CREATE | frontend/src/app/TeacherApp.tsx          | 1039 |  +1039 | dirty
2026-07-23 13:30:18 | REMOVE | backend/src/routes/teacher.ts            |    0 |   -664 | 
2026-07-23 13:30:18 | REMOVE | backend/src/routes/teacher.ts            |    0 |   -664 | 
2026-07-23 13:30:18 | CREATE | backend/src/routes/teacher.ts            |  668 |   +668 | dirty
2026-07-23 13:30:18 | CREATE | backend/src/routes/teacher.ts            |  668 |   +668 | dirty
2026-07-23 13:30:31 | REMOVE | backend/src/routes/teacher.ts            |    0 |   -668 | 
2026-07-23 13:30:31 | REMOVE | backend/src/routes/teacher.ts            |    0 |   -668 | 
2026-07-23 13:30:31 | CREATE | backend/src/routes/teacher.ts            |  684 |   +684 | dirty
2026-07-23 13:30:31 | CREATE | backend/src/routes/teacher.ts            |  684 |   +684 | dirty
2026-07-23 13:31:00 | REMOVE | frontend/src/api/teacher.ts              |    0 |   -162 | 
2026-07-23 13:31:00 | REMOVE | frontend/src/api/teacher.ts              |    0 |   -162 | 
2026-07-23 13:31:00 | CREATE | frontend/src/api/teacher.ts              |  191 |   +191 | dirty
2026-07-23 13:31:00 | CREATE | frontend/src/api/teacher.ts              |  191 |   +191 | dirty
2026-07-23 13:33:24 | REMOVE | frontend/src/app/TeacherApp.tsx          |    0 |  -1039 | 
2026-07-23 13:33:24 | REMOVE | frontend/src/app/TeacherApp.tsx          |    0 |  -1039 | 
2026-07-23 13:33:24 | CREATE | frontend/src/app/TeacherApp.tsx          | 1091 |  +1091 | dirty
2026-07-23 13:33:24 | CREATE | frontend/src/app/TeacherApp.tsx          | 1091 |  +1091 | dirty
2026-07-23 13:33:35 | REMOVE | frontend/src/app/TeacherApp.tsx          |    0 |  -1091 | 
2026-07-23 13:33:35 | REMOVE | frontend/src/app/TeacherApp.tsx          |    0 |  -1091 | 
2026-07-23 13:33:35 | CREATE | frontend/src/app/TeacherApp.tsx          | 1093 |  +1093 | dirty
2026-07-23 13:33:35 | CREATE | frontend/src/app/TeacherApp.tsx          | 1093 |  +1093 | dirty
2026-07-23 13:33:41 | REMOVE | frontend/src/app/TeacherApp.tsx          |    0 |  -1093 | 
2026-07-23 13:33:41 | REMOVE | frontend/src/app/TeacherApp.tsx          |    0 |  -1093 | 
2026-07-23 13:33:41 | CREATE | frontend/src/app/TeacherApp.tsx          | 1098 |  +1098 | dirty
2026-07-23 13:33:41 | CREATE | frontend/src/app/TeacherApp.tsx          | 1098 |  +1098 | dirty
2026-07-23 13:34:01 | REMOVE | frontend/src/app/TeacherApp.tsx          |    0 |  -1098 | 
2026-07-23 13:34:01 | REMOVE | frontend/src/app/TeacherApp.tsx          |    0 |  -1098 | 
2026-07-23 13:34:01 | CREATE | frontend/src/app/TeacherApp.tsx          | 1093 |  +1093 | dirty
2026-07-23 13:34:01 | CREATE | frontend/src/app/TeacherApp.tsx          | 1093 |  +1093 | dirty
2026-07-23 13:34:07 | REMOVE | frontend/src/app/TeacherApp.tsx          |    0 |  -1093 | 
2026-07-23 13:34:07 | REMOVE | frontend/src/app/TeacherApp.tsx          |    0 |  -1093 | 
2026-07-23 13:34:07 | CREATE | frontend/src/app/TeacherApp.tsx          | 1088 |  +1088 | dirty
2026-07-23 13:34:07 | CREATE | frontend/src/app/TeacherApp.tsx          | 1088 |  +1088 | dirty
2026-07-23 13:34:14 | REMOVE | frontend/src/app/TeacherApp.tsx          |    0 |  -1088 | 
2026-07-23 13:34:14 | REMOVE | frontend/src/app/TeacherApp.tsx          |    0 |  -1088 | 
2026-07-23 13:34:14 | CREATE | frontend/src/app/TeacherApp.tsx          | 1082 |  +1082 | dirty
2026-07-23 13:34:14 | CREATE | frontend/src/app/TeacherApp.tsx          | 1082 |  +1082 | dirty
2026-07-23 13:34:21 | REMOVE | frontend/src/app/TeacherApp.tsx          |    0 |  -1082 | 
2026-07-23 13:34:21 | REMOVE | frontend/src/app/TeacherApp.tsx          |    0 |  -1082 | 
2026-07-23 13:34:21 | CREATE | frontend/src/app/TeacherApp.tsx          | 1081 |  +1081 | dirty
2026-07-23 13:34:21 | CREATE | frontend/src/app/TeacherApp.tsx          | 1081 |  +1081 | dirty
2026-07-23 13:34:29 | REMOVE | frontend/src/app/TeacherApp.tsx          |    0 |  -1081 | 
2026-07-23 13:34:29 | REMOVE | frontend/src/app/TeacherApp.tsx          |    0 |  -1081 | 
2026-07-23 13:34:29 | CREATE | frontend/src/app/TeacherApp.tsx          | 1081 |  +1081 | dirty
2026-07-23 13:34:29 | CREATE | frontend/src/app/TeacherApp.tsx          | 1081 |  +1081 | dirty
2026-07-23 13:34:40 | REMOVE | frontend/src/app/TeacherApp.tsx          |    0 |  -1081 | 
2026-07-23 13:34:40 | REMOVE | frontend/src/app/TeacherApp.tsx          |    0 |  -1081 | 
2026-07-23 13:34:40 | CREATE | frontend/src/app/TeacherApp.tsx          | 1081 |  +1081 | dirty
2026-07-23 13:34:40 | CREATE | frontend/src/app/TeacherApp.tsx          | 1081 |  +1081 | dirty
2026-07-23 13:34:45 | REMOVE | frontend/src/app/TeacherApp.tsx          |    0 |  -1081 | 
2026-07-23 13:34:45 | REMOVE | frontend/src/app/TeacherApp.tsx          |    0 |  -1081 | 
2026-07-23 13:34:45 | CREATE | frontend/src/app/TeacherApp.tsx          | 1081 |  +1081 | dirty
2026-07-23 13:34:45 | CREATE | frontend/src/app/TeacherApp.tsx          | 1081 |  +1081 | dirty
2026-07-23 14:25:48 | REMOVE | backend/src/routes/parent.ts             |    0 |   -370 | 
2026-07-23 14:25:48 | REMOVE | backend/src/routes/parent.ts             |    0 |   -370 | 
2026-07-23 14:25:48 | CREATE | backend/src/routes/parent.ts             |  395 |   +395 | dirty
2026-07-23 14:25:48 | CREATE | backend/src/routes/parent.ts             |  395 |   +395 | dirty
2026-07-23 14:26:04 | CREATE | frontend/src/api/parent.ts               |   85 |    +85 | 
2026-07-23 14:26:04 | CREATE | frontend/src/api/parent.ts               |   85 |    +85 | 
2026-07-23 14:26:18 | CREATE | frontend/src/lib/date.ts                 |   35 |    +35 | 
2026-07-23 14:26:18 | CREATE | frontend/src/lib/date.ts                 |   35 |    +35 | 
2026-07-23 14:26:26 | CREATE | frontend/src/lib/diaryDone.ts            |   38 |    +38 | 
2026-07-23 14:26:26 | CREATE | frontend/src/lib/diaryDone.ts            |   38 |    +38 | 
2026-07-23 14:29:07 | REMOVE | frontend/src/app/ParentApp.tsx           |    0 |   -472 | 
2026-07-23 14:29:07 | REMOVE | frontend/src/app/ParentApp.tsx           |    0 |   -472 | 
2026-07-23 14:29:07 | CREATE | frontend/src/app/ParentApp.tsx           |  711 |   +711 | dirty
2026-07-23 14:29:07 | CREATE | frontend/src/app/ParentApp.tsx           |  711 |   +711 | dirty
2026-07-23 14:29:15 | REMOVE | frontend/src/app/ParentApp.tsx           |    0 |   -711 | 
2026-07-23 14:29:15 | REMOVE | frontend/src/app/ParentApp.tsx           |    0 |   -711 | 
2026-07-23 14:29:15 | CREATE | frontend/src/app/ParentApp.tsx           |  711 |   +711 | dirty
2026-07-23 14:29:15 | CREATE | frontend/src/app/ParentApp.tsx           |  711 |   +711 | dirty
2026-07-23 14:29:19 | REMOVE | frontend/src/app/ParentApp.tsx           |    0 |   -711 | 
2026-07-23 14:29:19 | REMOVE | frontend/src/app/ParentApp.tsx           |    0 |   -711 | 
2026-07-23 14:29:19 | CREATE | frontend/src/app/ParentApp.tsx           |  711 |   +711 | dirty
2026-07-23 14:29:19 | CREATE | frontend/src/app/ParentApp.tsx           |  711 |   +711 | dirty
2026-07-23 14:29:47 | REMOVE | frontend/src/app/ParentApp.tsx           |    0 |   -711 | 
2026-07-23 14:29:47 | REMOVE | frontend/src/app/ParentApp.tsx           |    0 |   -711 | 
2026-07-23 14:29:47 | CREATE | frontend/src/app/ParentApp.tsx           |  711 |   +711 | dirty
2026-07-23 14:29:47 | CREATE | frontend/src/app/ParentApp.tsx           |  711 |   +711 | dirty
2026-07-23 14:29:59 | REMOVE | frontend/src/app/ParentApp.tsx           |    0 |   -711 | 
2026-07-23 14:29:59 | REMOVE | frontend/src/app/ParentApp.tsx           |    0 |   -711 | 
2026-07-23 14:29:59 | CREATE | frontend/src/app/ParentApp.tsx           |  705 |   +705 | dirty
2026-07-23 14:29:59 | CREATE | frontend/src/app/ParentApp.tsx           |  705 |   +705 | dirty
2026-07-23 14:47:06 | REMOVE | frontend/src/api/parent.ts               |    0 |    -85 | 
2026-07-23 14:47:06 | REMOVE | frontend/src/api/parent.ts               |    0 |    -85 | 
2026-07-23 14:47:06 | CREATE | frontend/src/api/parent.ts               |   98 |    +98 | dirty
2026-07-23 14:47:06 | CREATE | frontend/src/api/parent.ts               |   98 |    +98 | dirty
2026-07-23 14:47:19 | REMOVE | frontend/src/app/ParentApp.tsx           |    0 |   -705 | 
2026-07-23 14:47:19 | REMOVE | frontend/src/app/ParentApp.tsx           |    0 |   -705 | 
2026-07-23 14:47:19 | CREATE | frontend/src/app/ParentApp.tsx           |  718 |   +718 | dirty
2026-07-23 14:47:19 | CREATE | frontend/src/app/ParentApp.tsx           |  718 |   +718 | dirty
2026-07-23 14:47:26 | REMOVE | frontend/src/app/ParentApp.tsx           |    0 |   -718 | 
2026-07-23 14:47:26 | REMOVE | frontend/src/app/ParentApp.tsx           |    0 |   -718 | 
2026-07-23 14:47:26 | CREATE | frontend/src/app/ParentApp.tsx           |  728 |   +728 | dirty
2026-07-23 14:47:26 | CREATE | frontend/src/app/ParentApp.tsx           |  728 |   +728 | dirty
2026-07-23 14:47:31 | REMOVE | frontend/src/app/ParentApp.tsx           |    0 |   -728 | 
2026-07-23 14:47:31 | REMOVE | frontend/src/app/ParentApp.tsx           |    0 |   -728 | 
2026-07-23 14:47:31 | CREATE | frontend/src/app/ParentApp.tsx           |  728 |   +728 | dirty
2026-07-23 14:47:31 | CREATE | frontend/src/app/ParentApp.tsx           |  728 |   +728 | dirty
2026-07-23 14:52:28 | REMOVE | backend/src/routes/parent.ts             |    0 |   -395 | 
2026-07-23 14:52:28 | REMOVE | backend/src/routes/parent.ts             |    0 |   -395 | 
2026-07-23 14:52:28 | CREATE | backend/src/routes/parent.ts             |  397 |   +397 | dirty
2026-07-23 14:52:28 | CREATE | backend/src/routes/parent.ts             |  397 |   +397 | dirty
2026-07-23 14:52:36 | REMOVE | frontend/src/api/parent.ts               |    0 |    -98 | 
2026-07-23 14:52:36 | REMOVE | frontend/src/api/parent.ts               |    0 |    -98 | 
2026-07-23 14:52:36 | CREATE | frontend/src/api/parent.ts               |  133 |   +133 | dirty
2026-07-23 14:52:36 | CREATE | frontend/src/api/parent.ts               |  133 |   +133 | dirty
2026-07-23 14:53:06 | REMOVE | frontend/src/app/ParentApp.tsx           |    0 |   -728 | 
2026-07-23 14:53:06 | REMOVE | frontend/src/app/ParentApp.tsx           |    0 |   -728 | 
2026-07-23 14:53:06 | CREATE | frontend/src/app/ParentApp.tsx           |  729 |   +729 | dirty
2026-07-23 14:53:06 | CREATE | frontend/src/app/ParentApp.tsx           |  729 |   +729 | dirty
2026-07-23 14:53:48 | REMOVE | frontend/src/app/ParentApp.tsx           |    0 |   -729 | 
2026-07-23 14:53:48 | REMOVE | frontend/src/app/ParentApp.tsx           |    0 |   -729 | 
2026-07-23 14:53:48 | CREATE | frontend/src/app/ParentApp.tsx           |  764 |   +764 | dirty
2026-07-23 14:53:48 | CREATE | frontend/src/app/ParentApp.tsx           |  764 |   +764 | dirty
2026-07-23 14:53:58 | REMOVE | frontend/src/app/ParentApp.tsx           |    0 |   -764 | 
2026-07-23 14:53:58 | REMOVE | frontend/src/app/ParentApp.tsx           |    0 |   -764 | 
2026-07-23 14:53:59 | CREATE | frontend/src/app/ParentApp.tsx           |  784 |   +784 | dirty
2026-07-23 14:53:59 | CREATE | frontend/src/app/ParentApp.tsx           |  784 |   +784 | dirty
2026-07-23 14:54:06 | REMOVE | frontend/src/app/ParentApp.tsx           |    0 |   -784 | 
2026-07-23 14:54:06 | REMOVE | frontend/src/app/ParentApp.tsx           |    0 |   -784 | 
2026-07-23 14:54:06 | CREATE | frontend/src/app/ParentApp.tsx           |  782 |   +782 | dirty
2026-07-23 14:54:06 | CREATE | frontend/src/app/ParentApp.tsx           |  782 |   +782 | dirty
2026-07-23 14:54:17 | REMOVE | frontend/src/app/ParentApp.tsx           |    0 |   -782 | 
2026-07-23 14:54:17 | REMOVE | frontend/src/app/ParentApp.tsx           |    0 |   -782 | 
2026-07-23 14:54:17 | CREATE | frontend/src/app/ParentApp.tsx           |  782 |   +782 | dirty
2026-07-23 14:54:17 | CREATE | frontend/src/app/ParentApp.tsx           |  782 |   +782 | dirty
2026-07-23 14:54:24 | REMOVE | frontend/src/app/ParentApp.tsx           |    0 |   -782 | 
2026-07-23 14:54:24 | REMOVE | frontend/src/app/ParentApp.tsx           |    0 |   -782 | 
2026-07-23 14:54:24 | CREATE | frontend/src/app/ParentApp.tsx           |  782 |   +782 | dirty
2026-07-23 14:54:24 | CREATE | frontend/src/app/ParentApp.tsx           |  782 |   +782 | dirty
2026-07-23 14:54:33 | REMOVE | frontend/src/app/ParentApp.tsx           |    0 |   -782 | 
2026-07-23 14:54:33 | REMOVE | frontend/src/app/ParentApp.tsx           |    0 |   -782 | 
2026-07-23 14:54:33 | CREATE | frontend/src/app/ParentApp.tsx           |  783 |   +783 | dirty
2026-07-23 14:54:33 | CREATE | frontend/src/app/ParentApp.tsx           |  783 |   +783 | dirty
2026-07-23 14:54:45 | REMOVE | frontend/src/app/ParentApp.tsx           |    0 |   -783 | 
2026-07-23 14:54:45 | REMOVE | frontend/src/app/ParentApp.tsx           |    0 |   -783 | 
2026-07-23 14:54:45 | CREATE | frontend/src/app/ParentApp.tsx           |  783 |   +783 | dirty
2026-07-23 14:54:45 | CREATE | frontend/src/app/ParentApp.tsx           |  783 |   +783 | dirty
2026-07-23 14:55:10 | REMOVE | frontend/src/app/ParentApp.tsx           |    0 |   -783 | 
2026-07-23 14:55:10 | REMOVE | frontend/src/app/ParentApp.tsx           |    0 |   -783 | 
2026-07-23 14:55:10 | CREATE | frontend/src/app/ParentApp.tsx           |  807 |   +807 | dirty
2026-07-23 14:55:10 | CREATE | frontend/src/app/ParentApp.tsx           |  807 |   +807 | dirty
2026-07-23 15:36:58 | REMOVE | frontend/src/app/ParentApp.tsx           |    0 |   -807 | 
2026-07-23 15:36:58 | REMOVE | frontend/src/app/ParentApp.tsx           |    0 |   -807 | 
2026-07-23 15:36:58 | CREATE | frontend/src/app/ParentApp.tsx           |  809 |   +809 | dirty
2026-07-23 15:36:58 | CREATE | frontend/src/app/ParentApp.tsx           |  809 |   +809 | dirty
2026-07-23 15:37:08 | REMOVE | frontend/src/app/ParentApp.tsx           |    0 |   -809 | 
2026-07-23 15:37:08 | REMOVE | frontend/src/app/ParentApp.tsx           |    0 |   -809 | 
2026-07-23 15:37:08 | CREATE | frontend/src/app/ParentApp.tsx           |  813 |   +813 | dirty
2026-07-23 15:37:08 | CREATE | frontend/src/app/ParentApp.tsx           |  813 |   +813 | dirty
2026-07-23 15:37:14 | REMOVE | frontend/src/app/ParentApp.tsx           |    0 |   -813 | 
2026-07-23 15:37:14 | REMOVE | frontend/src/app/ParentApp.tsx           |    0 |   -813 | 
2026-07-23 15:37:14 | CREATE | frontend/src/app/ParentApp.tsx           |  813 |   +813 | dirty
2026-07-23 15:37:14 | CREATE | frontend/src/app/ParentApp.tsx           |  813 |   +813 | dirty
2026-07-23 15:40:31 | REMOVE | frontend/src/app/ParentApp.tsx           |    0 |   -813 | 
2026-07-23 15:40:31 | REMOVE | frontend/src/app/ParentApp.tsx           |    0 |   -813 | 
2026-07-23 15:40:31 | CREATE | frontend/src/app/ParentApp.tsx           |  818 |   +818 | dirty
2026-07-23 15:40:31 | CREATE | frontend/src/app/ParentApp.tsx           |  818 |   +818 | dirty
2026-07-23 15:40:37 | REMOVE | frontend/src/app/ParentApp.tsx           |    0 |   -818 | 
2026-07-23 15:40:37 | REMOVE | frontend/src/app/ParentApp.tsx           |    0 |   -818 | 
2026-07-23 15:40:37 | CREATE | frontend/src/app/ParentApp.tsx           |  818 |   +818 | dirty
2026-07-23 15:40:37 | CREATE | frontend/src/app/ParentApp.tsx           |  818 |   +818 | dirty
2026-07-23 15:40:54 | REMOVE | frontend/src/app/ParentApp.tsx           |    0 |   -818 | 
2026-07-23 15:40:54 | REMOVE | frontend/src/app/ParentApp.tsx           |    0 |   -818 | 
2026-07-23 15:40:54 | CREATE | frontend/src/app/ParentApp.tsx           |  818 |   +818 | dirty
2026-07-23 15:40:54 | CREATE | frontend/src/app/ParentApp.tsx           |  818 |   +818 | dirty
2026-07-23 18:30:05 | REMOVE | backend/src/routes/auth.ts               |    0 |   -114 | 
2026-07-23 18:30:05 | REMOVE | backend/src/routes/auth.ts               |    0 |   -114 | 
2026-07-23 18:30:05 | CREATE | backend/src/routes/auth.ts               |  128 |   +128 | dirty
2026-07-23 18:30:05 | CREATE | backend/src/routes/auth.ts               |  128 |   +128 | dirty
2026-07-23 18:30:15 | REMOVE | frontend/src/pages/LoginPage.tsx         |    0 |   -178 | 
2026-07-23 18:30:15 | REMOVE | frontend/src/pages/LoginPage.tsx         |    0 |   -178 | 
2026-07-23 18:30:16 | CREATE | frontend/src/pages/LoginPage.tsx         |  205 |   +205 | dirty
2026-07-23 18:30:16 | CREATE | frontend/src/pages/LoginPage.tsx         |  205 |   +205 | dirty
2026-07-23 18:30:25 | REMOVE | frontend/src/pages/LoginPage.tsx         |    0 |   -205 | 
2026-07-23 18:30:25 | REMOVE | frontend/src/pages/LoginPage.tsx         |    0 |   -205 | 
2026-07-23 18:30:25 | CREATE | frontend/src/pages/LoginPage.tsx         |  212 |   +212 | dirty
2026-07-23 18:30:25 | CREATE | frontend/src/pages/LoginPage.tsx         |  212 |   +212 | dirty
2026-07-23 18:30:44 | REMOVE | frontend/src/pages/LoginPage.tsx         |    0 |   -212 | 
2026-07-23 18:30:44 | REMOVE | frontend/src/pages/LoginPage.tsx         |    0 |   -212 | 
2026-07-23 18:30:44 | CREATE | frontend/src/pages/LoginPage.tsx         |  247 |   +247 | dirty
2026-07-23 18:30:44 | CREATE | frontend/src/pages/LoginPage.tsx         |  247 |   +247 | dirty
2026-07-26 11:00:14 | REMOVE | frontend/src/app/data.ts                 |    0 |   -387 | 
2026-07-26 11:00:14 | REMOVE | frontend/src/app/data.ts                 |    0 |   -387 | 
2026-07-26 11:00:14 | CREATE | frontend/src/app/data.ts                 |  427 |   +427 | dirty
2026-07-26 11:00:14 | CREATE | frontend/src/app/data.ts                 |  427 |   +427 | dirty
2026-07-26 11:00:19 | REMOVE | frontend/src/app/AdminApp.tsx            |    0 |  -3649 | 
2026-07-26 11:00:19 | REMOVE | frontend/src/app/AdminApp.tsx            |    0 |  -3649 | 
2026-07-26 11:00:19 | CREATE | frontend/src/app/AdminApp.tsx            | 3653 |  +3653 | dirty
2026-07-26 11:00:19 | CREATE | frontend/src/app/AdminApp.tsx            | 3653 |  +3653 | dirty
2026-07-26 11:00:26 | REMOVE | frontend/src/app/AdminApp.tsx            |    0 |  -3653 | 
2026-07-26 11:00:26 | REMOVE | frontend/src/app/AdminApp.tsx            |    0 |  -3653 | 
2026-07-26 11:00:26 | CREATE | frontend/src/app/AdminApp.tsx            | 3654 |  +3654 | dirty
2026-07-26 11:00:26 | CREATE | frontend/src/app/AdminApp.tsx            | 3654 |  +3654 | dirty
2026-07-26 11:00:33 | REMOVE | frontend/src/app/AdminApp.tsx            |    0 |  -3654 | 
2026-07-26 11:00:33 | REMOVE | frontend/src/app/AdminApp.tsx            |    0 |  -3654 | 
2026-07-26 11:00:33 | CREATE | frontend/src/app/AdminApp.tsx            | 3658 |  +3658 | dirty
2026-07-26 11:00:33 | CREATE | frontend/src/app/AdminApp.tsx            | 3658 |  +3658 | dirty
2026-07-26 11:00:40 | REMOVE | frontend/src/app/AdminApp.tsx            |    0 |  -3658 | 
2026-07-26 11:00:40 | REMOVE | frontend/src/app/AdminApp.tsx            |    0 |  -3658 | 
2026-07-26 11:00:40 | CREATE | frontend/src/app/AdminApp.tsx            | 3662 |  +3662 | dirty
2026-07-26 11:00:40 | CREATE | frontend/src/app/AdminApp.tsx            | 3662 |  +3662 | dirty
2026-07-26 11:00:48 | REMOVE | frontend/src/app/AdminApp.tsx            |    0 |  -3662 | 
2026-07-26 11:00:48 | REMOVE | frontend/src/app/AdminApp.tsx            |    0 |  -3662 | 
2026-07-26 11:00:48 | CREATE | frontend/src/app/AdminApp.tsx            | 3665 |  +3665 | dirty
2026-07-26 11:00:48 | CREATE | frontend/src/app/AdminApp.tsx            | 3665 |  +3665 | dirty
2026-07-26 11:00:53 | REMOVE | frontend/src/app/AdminApp.tsx            |    0 |  -3665 | 
2026-07-26 11:00:53 | REMOVE | frontend/src/app/AdminApp.tsx            |    0 |  -3665 | 
2026-07-26 11:00:53 | CREATE | frontend/src/app/AdminApp.tsx            | 3666 |  +3666 | dirty
2026-07-26 11:00:53 | CREATE | frontend/src/app/AdminApp.tsx            | 3666 |  +3666 | dirty
2026-07-26 11:01:09 | REMOVE | frontend/src/app/AdminApp.tsx            |    0 |  -3666 | 
2026-07-26 11:01:09 | REMOVE | frontend/src/app/AdminApp.tsx            |    0 |  -3666 | 
2026-07-26 11:01:09 | CREATE | frontend/src/app/AdminApp.tsx            | 3666 |  +3666 | dirty
2026-07-26 11:01:09 | CREATE | frontend/src/app/AdminApp.tsx            | 3666 |  +3666 | dirty
2026-07-26 11:01:15 | REMOVE | frontend/src/app/AdminApp.tsx            |    0 |  -3666 | 
2026-07-26 11:01:15 | REMOVE | frontend/src/app/AdminApp.tsx            |    0 |  -3666 | 
2026-07-26 11:01:15 | CREATE | frontend/src/app/AdminApp.tsx            | 3674 |  +3674 | dirty
2026-07-26 11:01:15 | CREATE | frontend/src/app/AdminApp.tsx            | 3674 |  +3674 | dirty
2026-07-26 11:01:21 | REMOVE | frontend/src/app/AdminApp.tsx            |    0 |  -3674 | 
2026-07-26 11:01:21 | REMOVE | frontend/src/app/AdminApp.tsx            |    0 |  -3674 | 
2026-07-26 11:01:21 | CREATE | frontend/src/app/AdminApp.tsx            | 3674 |  +3674 | dirty
2026-07-26 11:01:21 | CREATE | frontend/src/app/AdminApp.tsx            | 3674 |  +3674 | dirty
2026-07-26 11:01:28 | REMOVE | frontend/src/app/AdminApp.tsx            |    0 |  -3674 | 
2026-07-26 11:01:28 | REMOVE | frontend/src/app/AdminApp.tsx            |    0 |  -3674 | 
2026-07-26 11:01:28 | CREATE | frontend/src/app/AdminApp.tsx            | 3675 |  +3675 | dirty
2026-07-26 11:01:28 | CREATE | frontend/src/app/AdminApp.tsx            | 3675 |  +3675 | dirty
2026-07-26 11:01:39 | REMOVE | frontend/src/app/AdminApp.tsx            |    0 |  -3675 | 
2026-07-26 11:01:39 | REMOVE | frontend/src/app/AdminApp.tsx            |    0 |  -3675 | 
2026-07-26 11:01:39 | CREATE | frontend/src/app/AdminApp.tsx            | 3665 |  +3665 | dirty
2026-07-26 11:01:39 | CREATE | frontend/src/app/AdminApp.tsx            | 3665 |  +3665 | dirty
2026-07-26 11:01:50 | REMOVE | frontend/src/app/AdminApp.tsx            |    0 |  -3665 | 
2026-07-26 11:01:50 | REMOVE | frontend/src/app/AdminApp.tsx            |    0 |  -3665 | 
2026-07-26 11:01:50 | CREATE | frontend/src/app/AdminApp.tsx            | 3672 |  +3672 | dirty
2026-07-26 11:01:50 | CREATE | frontend/src/app/AdminApp.tsx            | 3672 |  +3672 | dirty
2026-07-26 11:02:01 | REMOVE | frontend/src/app/AdminApp.tsx            |    0 |  -3672 | 
2026-07-26 11:02:01 | REMOVE | frontend/src/app/AdminApp.tsx            |    0 |  -3672 | 
2026-07-26 11:02:01 | CREATE | frontend/src/app/AdminApp.tsx            | 3702 |  +3702 | dirty
2026-07-26 11:02:01 | CREATE | frontend/src/app/AdminApp.tsx            | 3702 |  +3702 | dirty
2026-07-26 11:02:19 | REMOVE | frontend/src/app/AdminApp.tsx            |    0 |  -3702 | 
2026-07-26 11:02:19 | REMOVE | frontend/src/app/AdminApp.tsx            |    0 |  -3702 | 
2026-07-26 11:02:19 | CREATE | frontend/src/app/AdminApp.tsx            | 3704 |  +3704 | dirty
2026-07-26 11:02:19 | CREATE | frontend/src/app/AdminApp.tsx            | 3704 |  +3704 | dirty
2026-07-26 11:02:27 | REMOVE | frontend/src/app/AdminApp.tsx            |    0 |  -3704 | 
2026-07-26 11:02:27 | REMOVE | frontend/src/app/AdminApp.tsx            |    0 |  -3704 | 
2026-07-26 11:02:27 | CREATE | frontend/src/app/AdminApp.tsx            | 3705 |  +3705 | dirty
2026-07-26 11:02:27 | CREATE | frontend/src/app/AdminApp.tsx            | 3705 |  +3705 | dirty
2026-07-26 11:02:33 | REMOVE | frontend/src/app/AdminApp.tsx            |    0 |  -3705 | 
2026-07-26 11:02:33 | REMOVE | frontend/src/app/AdminApp.tsx            |    0 |  -3705 | 
2026-07-26 11:02:33 | CREATE | frontend/src/app/AdminApp.tsx            | 3705 |  +3705 | dirty
2026-07-26 11:02:33 | CREATE | frontend/src/app/AdminApp.tsx            | 3705 |  +3705 | dirty
2026-07-26 11:02:38 | REMOVE | frontend/src/app/AdminApp.tsx            |    0 |  -3705 | 
2026-07-26 11:02:38 | REMOVE | frontend/src/app/AdminApp.tsx            |    0 |  -3705 | 
2026-07-26 11:02:38 | CREATE | frontend/src/app/AdminApp.tsx            | 3705 |  +3705 | dirty
2026-07-26 11:02:38 | CREATE | frontend/src/app/AdminApp.tsx            | 3705 |  +3705 | dirty
2026-07-26 11:02:43 | REMOVE | frontend/src/app/AdminApp.tsx            |    0 |  -3705 | 
2026-07-26 11:02:43 | REMOVE | frontend/src/app/AdminApp.tsx            |    0 |  -3705 | 
2026-07-26 11:02:43 | CREATE | frontend/src/app/AdminApp.tsx            | 3709 |  +3709 | dirty
2026-07-26 11:02:43 | CREATE | frontend/src/app/AdminApp.tsx            | 3709 |  +3709 | dirty
2026-07-26 11:03:03 | REMOVE | frontend/src/app/AdminApp.tsx            |    0 |  -3709 | 
2026-07-26 11:03:03 | REMOVE | frontend/src/app/AdminApp.tsx            |    0 |  -3709 | 
2026-07-26 11:03:03 | CREATE | frontend/src/app/AdminApp.tsx            | 3788 |  +3788 | dirty
2026-07-26 11:03:03 | CREATE | frontend/src/app/AdminApp.tsx            | 3788 |  +3788 | dirty
2026-07-26 11:03:50 | REMOVE | frontend/src/app/AdminApp.tsx            |    0 |  -3788 | 
2026-07-26 11:03:50 | REMOVE | frontend/src/app/AdminApp.tsx            |    0 |  -3788 | 
2026-07-26 11:03:50 | CREATE | frontend/src/app/AdminApp.tsx            | 4064 |  +4064 | dirty
2026-07-26 11:03:50 | CREATE | frontend/src/app/AdminApp.tsx            | 4064 |  +4064 | dirty
2026-07-26 11:03:57 | REMOVE | frontend/src/app/AdminApp.tsx            |    0 |  -4064 | 
2026-07-26 11:03:57 | REMOVE | frontend/src/app/AdminApp.tsx            |    0 |  -4064 | 
2026-07-26 11:03:57 | CREATE | frontend/src/app/AdminApp.tsx            | 4064 |  +4064 | dirty
2026-07-26 11:03:57 | CREATE | frontend/src/app/AdminApp.tsx            | 4064 |  +4064 | dirty
2026-07-26 11:22:08 | CREATE | frontend/src/app/Albums.tsx              |  289 |   +289 | 
2026-07-26 11:22:08 | CREATE | frontend/src/app/Albums.tsx              |  289 |   +289 | 
2026-07-26 11:22:25 | WRITE  | frontend/src/app/AdminApp.tsx            | 3788 |   -276 | dirty
2026-07-26 11:22:25 | WRITE  | frontend/src/app/AdminApp.tsx            | 3788 |   -276 | dirty
2026-07-26 11:22:34 | REMOVE | frontend/src/app/AdminApp.tsx            |    0 |  -3788 | 
2026-07-26 11:22:34 | REMOVE | frontend/src/app/AdminApp.tsx            |    0 |  -3788 | 
2026-07-26 11:22:34 | CREATE | frontend/src/app/AdminApp.tsx            | 3791 |  +3791 | dirty
2026-07-26 11:22:34 | CREATE | frontend/src/app/AdminApp.tsx            | 3791 |  +3791 | dirty
2026-07-26 11:22:42 | REMOVE | frontend/src/app/AdminApp.tsx            |    0 |  -3791 | 
2026-07-26 11:22:42 | REMOVE | frontend/src/app/AdminApp.tsx            |    0 |  -3791 | 
2026-07-26 11:22:42 | CREATE | frontend/src/app/AdminApp.tsx            | 3789 |  +3789 | dirty
2026-07-26 11:22:42 | CREATE | frontend/src/app/AdminApp.tsx            | 3789 |  +3789 | dirty
2026-07-26 11:22:51 | REMOVE | frontend/src/app/AdminApp.tsx            |    0 |  -3789 | 
2026-07-26 11:22:51 | REMOVE | frontend/src/app/AdminApp.tsx            |    0 |  -3789 | 
2026-07-26 11:22:51 | CREATE | frontend/src/app/AdminApp.tsx            | 3788 |  +3788 | dirty
2026-07-26 11:22:51 | CREATE | frontend/src/app/AdminApp.tsx            | 3788 |  +3788 | dirty
2026-07-26 11:22:57 | REMOVE | frontend/src/app/AdminApp.tsx            |    0 |  -3788 | 
2026-07-26 11:22:57 | REMOVE | frontend/src/app/AdminApp.tsx            |    0 |  -3788 | 
2026-07-26 11:22:57 | CREATE | frontend/src/app/AdminApp.tsx            | 3788 |  +3788 | dirty
2026-07-26 11:22:57 | CREATE | frontend/src/app/AdminApp.tsx            | 3788 |  +3788 | dirty
2026-07-26 11:23:10 | REMOVE | frontend/src/app/AdminApp.tsx            |    0 |  -3788 | 
2026-07-26 11:23:10 | REMOVE | frontend/src/app/AdminApp.tsx            |    0 |  -3788 | 
2026-07-26 11:23:10 | CREATE | frontend/src/app/AdminApp.tsx            | 3769 |  +3769 | dirty
2026-07-26 11:23:10 | CREATE | frontend/src/app/AdminApp.tsx            | 3769 |  +3769 | dirty
2026-07-26 11:23:34 | REMOVE | frontend/src/app/TeacherApp.tsx          |    0 |  -1081 | 
2026-07-26 11:23:34 | REMOVE | frontend/src/app/TeacherApp.tsx          |    0 |  -1081 | 
2026-07-26 11:23:34 | CREATE | frontend/src/app/TeacherApp.tsx          | 1084 |  +1084 | dirty
2026-07-26 11:23:34 | CREATE | frontend/src/app/TeacherApp.tsx          | 1084 |  +1084 | dirty
2026-07-26 11:23:40 | REMOVE | frontend/src/app/TeacherApp.tsx          |    0 |  -1084 | 
2026-07-26 11:23:40 | REMOVE | frontend/src/app/TeacherApp.tsx          |    0 |  -1084 | 
2026-07-26 11:23:40 | CREATE | frontend/src/app/TeacherApp.tsx          | 1086 |  +1086 | dirty
2026-07-26 11:23:40 | CREATE | frontend/src/app/TeacherApp.tsx          | 1086 |  +1086 | dirty
2026-07-26 11:23:47 | REMOVE | frontend/src/app/TeacherApp.tsx          |    0 |  -1086 | 
2026-07-26 11:23:47 | REMOVE | frontend/src/app/TeacherApp.tsx          |    0 |  -1086 | 
2026-07-26 11:23:47 | CREATE | frontend/src/app/TeacherApp.tsx          | 1087 |  +1087 | dirty
2026-07-26 11:23:47 | CREATE | frontend/src/app/TeacherApp.tsx          | 1087 |  +1087 | dirty
2026-07-26 11:24:03 | REMOVE | frontend/src/app/TeacherApp.tsx          |    0 |  -1087 | 
2026-07-26 11:24:03 | REMOVE | frontend/src/app/TeacherApp.tsx          |    0 |  -1087 | 
2026-07-26 11:24:03 | CREATE | frontend/src/app/TeacherApp.tsx          | 1099 |  +1099 | dirty
2026-07-26 11:24:03 | CREATE | frontend/src/app/TeacherApp.tsx          | 1099 |  +1099 | dirty
2026-07-26 11:24:14 | REMOVE | frontend/src/app/TeacherApp.tsx          |    0 |  -1099 | 
2026-07-26 11:24:14 | REMOVE | frontend/src/app/TeacherApp.tsx          |    0 |  -1099 | 
2026-07-26 11:24:14 | CREATE | frontend/src/app/TeacherApp.tsx          | 1124 |  +1124 | dirty
2026-07-26 11:24:14 | CREATE | frontend/src/app/TeacherApp.tsx          | 1124 |  +1124 | dirty
2026-07-26 11:24:21 | REMOVE | frontend/src/app/TeacherApp.tsx          |    0 |  -1124 | 
2026-07-26 11:24:21 | REMOVE | frontend/src/app/TeacherApp.tsx          |    0 |  -1124 | 
2026-07-26 11:24:21 | CREATE | frontend/src/app/TeacherApp.tsx          | 1138 |  +1138 | dirty
2026-07-26 11:24:21 | CREATE | frontend/src/app/TeacherApp.tsx          | 1138 |  +1138 | dirty
2026-07-26 11:24:26 | REMOVE | frontend/src/app/TeacherApp.tsx          |    0 |  -1138 | 
2026-07-26 11:24:26 | REMOVE | frontend/src/app/TeacherApp.tsx          |    0 |  -1138 | 
2026-07-26 11:24:26 | CREATE | frontend/src/app/TeacherApp.tsx          | 1138 |  +1138 | dirty
2026-07-26 11:24:26 | CREATE | frontend/src/app/TeacherApp.tsx          | 1138 |  +1138 | dirty
2026-07-26 11:24:36 | REMOVE | frontend/src/app/TeacherApp.tsx          |    0 |  -1138 | 
2026-07-26 11:24:36 | REMOVE | frontend/src/app/TeacherApp.tsx          |    0 |  -1138 | 
2026-07-26 11:24:36 | CREATE | frontend/src/app/TeacherApp.tsx          | 1140 |  +1140 | dirty
2026-07-26 11:24:36 | CREATE | frontend/src/app/TeacherApp.tsx          | 1140 |  +1140 | dirty
2026-07-26 11:24:42 | REMOVE | frontend/src/app/TeacherApp.tsx          |    0 |  -1140 | 
2026-07-26 11:24:42 | REMOVE | frontend/src/app/TeacherApp.tsx          |    0 |  -1140 | 
2026-07-26 11:24:42 | CREATE | frontend/src/app/TeacherApp.tsx          | 1142 |  +1142 | dirty
2026-07-26 11:24:42 | CREATE | frontend/src/app/TeacherApp.tsx          | 1142 |  +1142 | dirty
2026-07-26 11:29:27 | REMOVE | frontend/src/app/AdminApp.tsx            |    0 |  -3769 | 
2026-07-26 11:29:27 | REMOVE | frontend/src/app/AdminApp.tsx            |    0 |  -3769 | 
2026-07-26 11:29:27 | CREATE | frontend/src/app/AdminApp.tsx            | 3769 |  +3769 | dirty
2026-07-26 11:29:27 | CREATE | frontend/src/app/AdminApp.tsx            | 3769 |  +3769 | dirty
2026-07-26 11:29:35 | REMOVE | frontend/src/app/Albums.tsx              |    0 |   -289 | 
2026-07-26 11:29:35 | REMOVE | frontend/src/app/Albums.tsx              |    0 |   -289 | 
2026-07-26 11:29:35 | CREATE | frontend/src/app/Albums.tsx              |  292 |   +292 | dirty
2026-07-26 11:29:35 | CREATE | frontend/src/app/Albums.tsx              |  292 |   +292 | dirty
2026-07-26 11:41:46 | REMOVE | backend/prisma/seed.ts                   |    0 |   -248 | 
2026-07-26 11:41:46 | REMOVE | backend/prisma/seed.ts                   |    0 |   -248 | 
2026-07-26 11:41:46 | CREATE | backend/prisma/seed.ts                   |  253 |   +253 | dirty
2026-07-26 11:41:46 | CREATE | backend/prisma/seed.ts                   |  253 |   +253 | dirty
2026-07-26 11:41:54 | REMOVE | backend/src/config.ts                    |    0 |    -33 | 
2026-07-26 11:41:54 | REMOVE | backend/src/config.ts                    |    0 |    -33 | 
2026-07-26 11:41:54 | CREATE | backend/src/config.ts                    |   35 |    +35 | dirty
2026-07-26 11:41:54 | CREATE | backend/src/config.ts                    |   35 |    +35 | dirty
2026-07-26 11:42:02 | REMOVE | backend/src/lib/s3.ts                    |    0 |    -57 | 
2026-07-26 11:42:02 | REMOVE | backend/src/lib/s3.ts                    |    0 |    -57 | 
2026-07-26 11:42:02 | CREATE | backend/src/lib/s3.ts                    |   57 |    +57 | dirty
2026-07-26 11:42:02 | CREATE | backend/src/lib/s3.ts                    |   57 |    +57 | dirty
2026-07-26 11:42:13 | REMOVE | backend/src/lib/s3.ts                    |    0 |    -57 | 
2026-07-26 11:42:13 | REMOVE | backend/src/lib/s3.ts                    |    0 |    -57 | 
2026-07-26 11:42:13 | CREATE | backend/src/lib/s3.ts                    |   62 |    +62 | dirty
2026-07-26 11:42:13 | CREATE | backend/src/lib/s3.ts                    |   62 |    +62 | dirty
2026-07-26 11:42:28 | REMOVE | backend/src/lib/s3.ts                    |    0 |    -62 | 
2026-07-26 11:42:28 | REMOVE | backend/src/lib/s3.ts                    |    0 |    -62 | 
2026-07-26 11:42:28 | CREATE | backend/src/lib/s3.ts                    |  100 |   +100 | dirty
2026-07-26 11:42:28 | CREATE | backend/src/lib/s3.ts                    |  100 |   +100 | dirty
2026-07-26 11:42:45 | CREATE | backend/src/lib/day.ts                   |   18 |    +18 | 
2026-07-26 11:42:45 | CREATE | backend/src/lib/day.ts                   |   18 |    +18 | 
2026-07-26 11:43:14 | CREATE | backend/src/routes/gallery.ts            |  204 |   +204 | 
2026-07-26 11:43:14 | CREATE | backend/src/routes/gallery.ts            |  204 |   +204 | 
2026-07-26 11:43:25 | WRITE  | backend/src/routes/admin.ts              | 1036 |     +3 | dirty
2026-07-26 11:43:25 | WRITE  | backend/src/routes/admin.ts              | 1036 |     +3 | dirty
2026-07-26 11:43:25 | WRITE  | backend/src/routes/teacher.ts            |  687 |     +3 | dirty
2026-07-26 11:43:25 | WRITE  | backend/src/routes/teacher.ts            |  687 |     +3 | dirty
2026-07-26 11:43:30 | REMOVE | backend/src/routes/admin.ts              |    0 |  -1036 | 
2026-07-26 11:43:30 | REMOVE | backend/src/routes/admin.ts              |    0 |  -1036 | 
2026-07-26 11:43:30 | CREATE | backend/src/routes/admin.ts              | 1037 |  +1037 | dirty
2026-07-26 11:43:30 | CREATE | backend/src/routes/admin.ts              | 1037 |  +1037 | dirty
2026-07-26 11:43:36 | REMOVE | backend/src/routes/teacher.ts            |    0 |   -687 | 
2026-07-26 11:43:36 | REMOVE | backend/src/routes/teacher.ts            |    0 |   -687 | 
2026-07-26 11:43:36 | CREATE | backend/src/routes/teacher.ts            |  688 |   +688 | dirty
2026-07-26 11:43:36 | CREATE | backend/src/routes/teacher.ts            |  688 |   +688 | dirty
2026-07-26 11:43:47 | REMOVE | backend/src/routes/parent.ts             |    0 |   -397 | 
2026-07-26 11:43:47 | REMOVE | backend/src/routes/parent.ts             |    0 |   -397 | 
2026-07-26 11:43:47 | CREATE | backend/src/routes/parent.ts             |  409 |   +409 | dirty
2026-07-26 11:43:47 | CREATE | backend/src/routes/parent.ts             |  409 |   +409 | dirty
2026-07-26 11:43:57 | REMOVE | backend/src/routes/parent.ts             |    0 |   -409 | 
2026-07-26 11:43:57 | REMOVE | backend/src/routes/parent.ts             |    0 |   -409 | 
2026-07-26 11:43:57 | CREATE | backend/src/routes/parent.ts             |  410 |   +410 | dirty
2026-07-26 11:43:57 | CREATE | backend/src/routes/parent.ts             |  410 |   +410 | dirty
2026-07-26 11:44:37 | CREATE | frontend/src/api/gallery.ts              |   90 |    +90 | 
2026-07-26 11:44:37 | CREATE | frontend/src/api/gallery.ts              |   90 |    +90 | 
2026-07-26 11:45:35 | REMOVE | frontend/src/app/Albums.tsx              |    0 |   -292 | 
2026-07-26 11:45:35 | REMOVE | frontend/src/app/Albums.tsx              |    0 |   -292 | 
2026-07-26 11:45:35 | CREATE | frontend/src/app/Albums.tsx              |  510 |   +510 | dirty
2026-07-26 11:45:35 | CREATE | frontend/src/app/Albums.tsx              |  510 |   +510 | dirty
2026-07-26 11:45:45 | REMOVE | frontend/src/app/Albums.tsx              |    0 |   -510 | 
2026-07-26 11:45:45 | REMOVE | frontend/src/app/Albums.tsx              |    0 |   -510 | 
2026-07-26 11:45:45 | CREATE | frontend/src/app/Albums.tsx              |  510 |   +510 | dirty
2026-07-26 11:45:45 | CREATE | frontend/src/app/Albums.tsx              |  510 |   +510 | dirty
2026-07-26 11:45:59 | REMOVE | frontend/src/app/data.ts                 |    0 |   -427 | 
2026-07-26 11:45:59 | REMOVE | frontend/src/app/data.ts                 |    0 |   -427 | 
2026-07-26 11:45:59 | CREATE | frontend/src/app/data.ts                 |  397 |   +397 | dirty
2026-07-26 11:45:59 | CREATE | frontend/src/app/data.ts                 |  397 |   +397 | dirty
2026-07-26 11:46:12 | WRITE  | frontend/src/app/AdminApp.tsx            | 3762 |     -7 | dirty
2026-07-26 11:46:12 | WRITE  | frontend/src/app/AdminApp.tsx            | 3762 |     -7 | dirty
2026-07-26 11:46:28 | WRITE  | frontend/src/app/TeacherApp.tsx          | 1137 |     -5 | dirty
2026-07-26 11:46:28 | WRITE  | frontend/src/app/TeacherApp.tsx          | 1137 |     -5 | dirty
2026-07-26 11:46:44 | WRITE  | frontend/src/app/ParentApp.tsx           |  835 |    +17 | dirty
2026-07-26 11:46:44 | WRITE  | frontend/src/app/ParentApp.tsx           |  835 |    +17 | dirty
2026-07-26 11:46:54 | REMOVE | frontend/src/app/ParentApp.tsx           |    0 |   -835 | 
2026-07-26 11:46:54 | REMOVE | frontend/src/app/ParentApp.tsx           |    0 |   -835 | 
2026-07-26 11:46:54 | CREATE | frontend/src/app/ParentApp.tsx           |  837 |   +837 | dirty
2026-07-26 11:46:54 | CREATE | frontend/src/app/ParentApp.tsx           |  837 |   +837 | dirty
2026-07-26 11:47:21 | WRITE  | frontend/src/app/SharedScreens.tsx       |  252 |    -42 | dirty
2026-07-26 11:47:21 | WRITE  | frontend/src/app/SharedScreens.tsx       |  252 |    -42 | dirty
2026-07-26 12:01:24 | REMOVE | backend/src/lib/s3.ts                    |    0 |   -100 | 
2026-07-26 12:01:24 | REMOVE | backend/src/lib/s3.ts                    |    0 |   -100 | 
2026-07-26 12:01:24 | CREATE | backend/src/lib/s3.ts                    |  104 |   +104 | dirty
2026-07-26 12:01:24 | CREATE | backend/src/lib/s3.ts                    |  104 |   +104 | dirty
2026-07-26 12:16:32 | REMOVE | frontend/src/app/Albums.tsx              |    0 |   -510 | 
2026-07-26 12:16:32 | REMOVE | frontend/src/app/Albums.tsx              |    0 |   -510 | 
2026-07-26 12:16:32 | CREATE | frontend/src/app/Albums.tsx              |  513 |   +513 | dirty
2026-07-26 12:16:32 | CREATE | frontend/src/app/Albums.tsx              |  513 |   +513 | dirty
2026-07-26 12:16:42 | REMOVE | frontend/src/app/Albums.tsx              |    0 |   -513 | 
2026-07-26 12:16:42 | REMOVE | frontend/src/app/Albums.tsx              |    0 |   -513 | 
2026-07-26 12:16:42 | CREATE | frontend/src/app/Albums.tsx              |  514 |   +514 | dirty
2026-07-26 12:16:42 | CREATE | frontend/src/app/Albums.tsx              |  514 |   +514 | dirty
2026-07-26 12:16:48 | REMOVE | frontend/src/app/Albums.tsx              |    0 |   -514 | 
2026-07-26 12:16:48 | REMOVE | frontend/src/app/Albums.tsx              |    0 |   -514 | 
2026-07-26 12:16:48 | CREATE | frontend/src/app/Albums.tsx              |  517 |   +517 | dirty
2026-07-26 12:16:48 | CREATE | frontend/src/app/Albums.tsx              |  517 |   +517 | dirty
2026-07-26 12:17:05 | REMOVE | frontend/src/app/Albums.tsx              |    0 |   -517 | 
2026-07-26 12:17:05 | REMOVE | frontend/src/app/Albums.tsx              |    0 |   -517 | 
2026-07-26 12:17:05 | CREATE | frontend/src/app/Albums.tsx              |  517 |   +517 | dirty
2026-07-26 12:17:05 | CREATE | frontend/src/app/Albums.tsx              |  517 |   +517 | dirty
2026-07-26 12:17:44 | WRITE  | frontend/src/app/Albums.tsx              |  713 |   +196 | dirty
2026-07-26 12:17:44 | WRITE  | frontend/src/app/Albums.tsx              |  713 |   +196 | dirty
2026-07-26 12:17:50 | REMOVE | frontend/src/app/Albums.tsx              |    0 |   -713 | 
2026-07-26 12:17:50 | REMOVE | frontend/src/app/Albums.tsx              |    0 |   -713 | 
2026-07-26 12:17:50 | CREATE | frontend/src/app/Albums.tsx              |  714 |   +714 | dirty
2026-07-26 12:17:50 | CREATE | frontend/src/app/Albums.tsx              |  714 |   +714 | dirty
2026-07-26 12:18:01 | REMOVE | frontend/src/app/ParentApp.tsx           |    0 |   -837 | 
2026-07-26 12:18:01 | REMOVE | frontend/src/app/ParentApp.tsx           |    0 |   -837 | 
2026-07-26 12:18:01 | CREATE | frontend/src/app/ParentApp.tsx           |  839 |   +839 | dirty
2026-07-26 12:18:01 | CREATE | frontend/src/app/ParentApp.tsx           |  839 |   +839 | dirty
2026-07-26 12:18:15 | REMOVE | frontend/src/app/ParentApp.tsx           |    0 |   -839 | 
2026-07-26 12:18:15 | REMOVE | frontend/src/app/ParentApp.tsx           |    0 |   -839 | 
2026-07-26 12:18:15 | CREATE | frontend/src/app/ParentApp.tsx           |  839 |   +839 | dirty
2026-07-26 12:18:15 | CREATE | frontend/src/app/ParentApp.tsx           |  839 |   +839 | dirty
2026-07-26 12:18:45 | REMOVE | frontend/src/app/Albums.tsx              |    0 |   -714 | 
2026-07-26 12:18:45 | REMOVE | frontend/src/app/Albums.tsx              |    0 |   -714 | 
2026-07-26 12:18:45 | CREATE | frontend/src/app/Albums.tsx              |  714 |   +714 | dirty
2026-07-26 12:18:45 | CREATE | frontend/src/app/Albums.tsx              |  714 |   +714 | dirty
2026-07-26 12:18:53 | REMOVE | frontend/src/app/Albums.tsx              |    0 |   -714 | 
2026-07-26 12:18:53 | REMOVE | frontend/src/app/Albums.tsx              |    0 |   -714 | 
2026-07-26 12:18:53 | CREATE | frontend/src/app/Albums.tsx              |  717 |   +717 | dirty
2026-07-26 12:18:53 | CREATE | frontend/src/app/Albums.tsx              |  717 |   +717 | dirty
2026-07-26 12:19:00 | REMOVE | frontend/src/app/Albums.tsx              |    0 |   -717 | 
2026-07-26 12:19:00 | REMOVE | frontend/src/app/Albums.tsx              |    0 |   -717 | 
2026-07-26 12:19:00 | CREATE | frontend/src/app/Albums.tsx              |  717 |   +717 | dirty
2026-07-26 12:19:00 | CREATE | frontend/src/app/Albums.tsx              |  717 |   +717 | dirty
2026-07-26 12:19:06 | REMOVE | frontend/src/app/Albums.tsx              |    0 |   -717 | 
2026-07-26 12:19:06 | REMOVE | frontend/src/app/Albums.tsx              |    0 |   -717 | 
2026-07-26 12:19:06 | CREATE | frontend/src/app/Albums.tsx              |  717 |   +717 | dirty
2026-07-26 12:19:06 | CREATE | frontend/src/app/Albums.tsx              |  717 |   +717 | dirty
2026-07-28 20:11:46 | REMOVE | frontend/src/app/Albums.tsx              |    0 |   -717 | 
2026-07-28 20:11:46 | CREATE | frontend/src/app/Albums.tsx              |  719 |   +719 | dirty
2026-07-28 20:11:55 | REMOVE | frontend/src/app/AdminApp.tsx            |    0 |  -3762 | 
2026-07-28 20:11:55 | CREATE | frontend/src/app/AdminApp.tsx            | 3766 |  +3766 | dirty
2026-07-28 20:11:57 | REMOVE | frontend/src/app/TeacherApp.tsx          |    0 |  -1137 | 
2026-07-28 20:11:57 | CREATE | frontend/src/app/TeacherApp.tsx          | 1139 |  +1139 | dirty
2026-07-28 20:12:07 | REMOVE | frontend/src/app/AdminApp.tsx            |    0 |  -3766 | 
2026-07-28 20:12:07 | CREATE | frontend/src/app/AdminApp.tsx            | 3767 |  +3767 | dirty
2026-07-28 20:12:08 | REMOVE | frontend/src/app/TeacherApp.tsx          |    0 |  -1139 | 
2026-07-28 20:12:08 | CREATE | frontend/src/app/TeacherApp.tsx          | 1139 |  +1139 | dirty
2026-07-28 20:30:03 | CREATE | frontend/src/app/leave.ts                |   76 |    +76 | 
2026-07-28 20:30:03 | CREATE | frontend/src/app/leave.ts                |   76 |    +76 | 
2026-07-28 20:30:12 | REMOVE | frontend/src/api/parent.ts               |    0 |   -133 | 
2026-07-28 20:30:12 | REMOVE | frontend/src/api/parent.ts               |    0 |   -133 | 
2026-07-28 20:30:12 | CREATE | frontend/src/api/parent.ts               |  156 |   +156 | dirty
2026-07-28 20:30:12 | CREATE | frontend/src/api/parent.ts               |  156 |   +156 | dirty
2026-07-28 20:30:17 | REMOVE | frontend/src/api/teacher.ts              |    0 |   -191 | 
2026-07-28 20:30:17 | REMOVE | frontend/src/api/teacher.ts              |    0 |   -191 | 
2026-07-28 20:30:17 | CREATE | frontend/src/api/teacher.ts              |  220 |   +220 | dirty
2026-07-28 20:30:17 | CREATE | frontend/src/api/teacher.ts              |  220 |   +220 | dirty
2026-07-28 20:30:24 | REMOVE | frontend/src/app/ParentApp.tsx           |    0 |   -839 | 
2026-07-28 20:30:24 | REMOVE | frontend/src/app/ParentApp.tsx           |    0 |   -839 | 
2026-07-28 20:30:24 | CREATE | frontend/src/app/ParentApp.tsx           |  840 |   +840 | dirty
2026-07-28 20:30:24 | CREATE | frontend/src/app/ParentApp.tsx           |  840 |   +840 | dirty
2026-07-28 20:30:41 | REMOVE | frontend/src/app/ParentApp.tsx           |    0 |   -840 | 
2026-07-28 20:30:41 | REMOVE | frontend/src/app/ParentApp.tsx           |    0 |   -840 | 
2026-07-28 20:30:41 | CREATE | frontend/src/app/ParentApp.tsx           |  886 |   +886 | dirty
2026-07-28 20:30:41 | CREATE | frontend/src/app/ParentApp.tsx           |  886 |   +886 | dirty
2026-07-28 20:30:51 | REMOVE | frontend/src/app/TeacherApp.tsx          |    0 |  -1139 | 
2026-07-28 20:30:51 | REMOVE | frontend/src/app/TeacherApp.tsx          |    0 |  -1139 | 
2026-07-28 20:30:51 | CREATE | frontend/src/app/TeacherApp.tsx          | 1141 |  +1141 | dirty
2026-07-28 20:30:51 | CREATE | frontend/src/app/TeacherApp.tsx          | 1141 |  +1141 | dirty
2026-07-28 20:30:52 | REMOVE | frontend/src/app/TeacherApp.tsx          |    0 |  -1141 | 
2026-07-28 20:30:52 | REMOVE | frontend/src/app/TeacherApp.tsx          |    0 |  -1141 | 
2026-07-28 20:30:52 | CREATE | frontend/src/app/TeacherApp.tsx          | 1141 |  +1141 | dirty
2026-07-28 20:30:52 | CREATE | frontend/src/app/TeacherApp.tsx          | 1141 |  +1141 | dirty
2026-07-28 20:31:03 | REMOVE | frontend/src/app/TeacherApp.tsx          |    0 |  -1141 | 
2026-07-28 20:31:03 | REMOVE | frontend/src/app/TeacherApp.tsx          |    0 |  -1141 | 
2026-07-28 20:31:03 | CREATE | frontend/src/app/TeacherApp.tsx          | 1168 |  +1168 | dirty
2026-07-28 20:31:03 | CREATE | frontend/src/app/TeacherApp.tsx          | 1168 |  +1168 | dirty
2026-07-28 20:31:09 | REMOVE | frontend/src/app/TeacherApp.tsx          |    0 |  -1168 | 
2026-07-28 20:31:09 | REMOVE | frontend/src/app/TeacherApp.tsx          |    0 |  -1168 | 
2026-07-28 20:31:09 | CREATE | frontend/src/app/TeacherApp.tsx          | 1169 |  +1169 | dirty
2026-07-28 20:31:09 | CREATE | frontend/src/app/TeacherApp.tsx          | 1169 |  +1169 | dirty
2026-07-28 20:31:13 | REMOVE | frontend/src/app/TeacherApp.tsx          |    0 |  -1169 | 
2026-07-28 20:31:13 | REMOVE | frontend/src/app/TeacherApp.tsx          |    0 |  -1169 | 
2026-07-28 20:31:13 | CREATE | frontend/src/app/TeacherApp.tsx          | 1173 |  +1173 | dirty
2026-07-28 20:31:13 | CREATE | frontend/src/app/TeacherApp.tsx          | 1173 |  +1173 | dirty
2026-07-28 20:31:20 | REMOVE | frontend/src/app/TeacherApp.tsx          |    0 |  -1173 | 
2026-07-28 20:31:20 | REMOVE | frontend/src/app/TeacherApp.tsx          |    0 |  -1173 | 
2026-07-28 20:31:20 | CREATE | frontend/src/app/TeacherApp.tsx          | 1176 |  +1176 | dirty
2026-07-28 20:31:20 | CREATE | frontend/src/app/TeacherApp.tsx          | 1176 |  +1176 | dirty
2026-07-28 20:31:31 | REMOVE | frontend/src/app/TeacherApp.tsx          |    0 |  -1176 | 
2026-07-28 20:31:31 | REMOVE | frontend/src/app/TeacherApp.tsx          |    0 |  -1176 | 
2026-07-28 20:31:31 | CREATE | frontend/src/app/TeacherApp.tsx          | 1188 |  +1188 | dirty
2026-07-28 20:31:31 | CREATE | frontend/src/app/TeacherApp.tsx          | 1188 |  +1188 | dirty
2026-07-28 20:31:44 | REMOVE | frontend/src/app/TeacherApp.tsx          |    0 |  -1188 | 
2026-07-28 20:31:44 | REMOVE | frontend/src/app/TeacherApp.tsx          |    0 |  -1188 | 
2026-07-28 20:31:44 | CREATE | frontend/src/app/TeacherApp.tsx          | 1188 |  +1188 | dirty
2026-07-28 20:31:44 | CREATE | frontend/src/app/TeacherApp.tsx          | 1188 |  +1188 | dirty
2026-07-28 20:32:08 | REMOVE | frontend/src/app/TeacherApp.tsx          |    0 |  -1188 | 
2026-07-28 20:32:08 | REMOVE | frontend/src/app/TeacherApp.tsx          |    0 |  -1188 | 
2026-07-28 20:32:08 | CREATE | frontend/src/app/TeacherApp.tsx          | 1313 |  +1313 | dirty
2026-07-28 20:32:08 | CREATE | frontend/src/app/TeacherApp.tsx          | 1313 |  +1313 | dirty
2026-07-28 20:32:22 | REMOVE | backend/src/routes/teacher.ts            |    0 |   -688 | 
2026-07-28 20:32:22 | REMOVE | backend/src/routes/teacher.ts            |    0 |   -688 | 
2026-07-28 20:32:22 | CREATE | backend/src/routes/teacher.ts            |  691 |   +691 | dirty
2026-07-28 20:32:22 | CREATE | backend/src/routes/teacher.ts            |  691 |   +691 | dirty
2026-07-28 20:32:24 | REMOVE | backend/src/routes/teacher.ts            |    0 |   -691 | 
2026-07-28 20:32:24 | REMOVE | backend/src/routes/teacher.ts            |    0 |   -691 | 
2026-07-28 20:32:24 | CREATE | backend/src/routes/teacher.ts            |  693 |   +693 | dirty
2026-07-28 20:32:24 | CREATE | backend/src/routes/teacher.ts            |  693 |   +693 | dirty
2026-07-28 20:32:32 | REMOVE | frontend/src/app/ParentApp.tsx           |    0 |   -886 | 
2026-07-28 20:32:32 | REMOVE | frontend/src/app/ParentApp.tsx           |    0 |   -886 | 
2026-07-28 20:32:32 | CREATE | frontend/src/app/ParentApp.tsx           |  886 |   +886 | dirty
2026-07-28 20:32:32 | CREATE | frontend/src/app/ParentApp.tsx           |  886 |   +886 | dirty
2026-07-28 20:58:59 | WRITE  | frontend/src/app/AdminApp.tsx            | 3778 |    +11 | dirty
2026-07-28 20:58:59 | WRITE  | frontend/src/app/AdminApp.tsx            | 3778 |    +11 | dirty
2026-07-28 20:59:16 | WRITE  | frontend/src/app/data.ts                 | 1038 |   +641 | dirty
2026-07-28 20:59:16 | WRITE  | frontend/src/app/data.ts                 | 1038 |   +641 | dirty
2026-07-28 20:59:28 | WRITE  | frontend/src/app/ParentApp.tsx           | 1493 |   +607 | dirty
2026-07-28 20:59:28 | WRITE  | frontend/src/app/ParentApp.tsx           | 1493 |   +607 | dirty
2026-07-28 20:59:37 | WRITE  | frontend/src/pages/LoginPage.tsx         |  276 |    +29 | dirty
2026-07-28 20:59:37 | WRITE  | frontend/src/pages/LoginPage.tsx         |  276 |    +29 | dirty
2026-07-28 21:33:30 | REMOVE | backend/src/routes/platform.ts           |    0 |   -188 | 
2026-07-28 21:33:30 | REMOVE | backend/src/routes/platform.ts           |    0 |   -188 | 
2026-07-28 21:33:30 | CREATE | backend/src/routes/platform.ts           |  244 |   +244 | dirty
2026-07-28 21:33:30 | CREATE | backend/src/routes/platform.ts           |  244 |   +244 | dirty
2026-07-28 21:33:40 | REMOVE | backend/src/routes/platform.ts           |    0 |   -244 | 
2026-07-28 21:33:40 | REMOVE | backend/src/routes/platform.ts           |    0 |   -244 | 
2026-07-28 21:33:40 | CREATE | backend/src/routes/platform.ts           |  246 |   +246 | dirty
2026-07-28 21:33:40 | CREATE | backend/src/routes/platform.ts           |  246 |   +246 | dirty
2026-07-28 21:33:50 | REMOVE | backend/src/lib/http.ts                  |    0 |    -16 | 
2026-07-28 21:33:50 | REMOVE | backend/src/lib/http.ts                  |    0 |    -16 | 
2026-07-28 21:33:50 | CREATE | backend/src/lib/http.ts                  |   25 |    +25 | dirty
2026-07-28 21:33:50 | CREATE | backend/src/lib/http.ts                  |   25 |    +25 | dirty
2026-07-28 21:33:58 | REMOVE | backend/src/app.ts                       |    0 |    -57 | 
2026-07-28 21:33:58 | REMOVE | backend/src/app.ts                       |    0 |    -57 | 
2026-07-28 21:33:58 | CREATE | backend/src/app.ts                       |   67 |    +67 | dirty
2026-07-28 21:33:58 | CREATE | backend/src/app.ts                       |   67 |    +67 | dirty
2026-07-28 21:34:06 | REMOVE | backend/src/app.ts                       |    0 |    -67 | 
2026-07-28 21:34:06 | REMOVE | backend/src/app.ts                       |    0 |    -67 | 
2026-07-28 21:34:06 | CREATE | backend/src/app.ts                       |   68 |    +68 | dirty
2026-07-28 21:34:06 | CREATE | backend/src/app.ts                       |   68 |    +68 | dirty
2026-07-28 21:34:33 | CREATE | backend/src/lib/usage.ts                 |   92 |    +92 | 
2026-07-28 21:34:33 | CREATE | backend/src/lib/usage.ts                 |   92 |    +92 | 
2026-07-28 21:34:43 | REMOVE | backend/src/routes/admin.ts              |    0 |  -1037 | 
2026-07-28 21:34:43 | REMOVE | backend/src/routes/admin.ts              |    0 |  -1037 | 
2026-07-28 21:34:43 | CREATE | backend/src/routes/admin.ts              | 1038 |  +1038 | dirty
2026-07-28 21:34:43 | CREATE | backend/src/routes/admin.ts              | 1038 |  +1038 | dirty
2026-07-28 21:34:51 | REMOVE | backend/src/routes/admin.ts              |    0 |  -1038 | 
2026-07-28 21:34:51 | REMOVE | backend/src/routes/admin.ts              |    0 |  -1038 | 
2026-07-28 21:34:51 | CREATE | backend/src/routes/admin.ts              | 1044 |  +1044 | dirty
2026-07-28 21:34:51 | CREATE | backend/src/routes/admin.ts              | 1044 |  +1044 | dirty
2026-07-28 21:34:59 | REMOVE | backend/src/routes/admin.ts              |    0 |  -1044 | 
2026-07-28 21:34:59 | REMOVE | backend/src/routes/admin.ts              |    0 |  -1044 | 
2026-07-28 21:34:59 | CREATE | backend/src/routes/admin.ts              | 1046 |  +1046 | dirty
2026-07-28 21:34:59 | CREATE | backend/src/routes/admin.ts              | 1046 |  +1046 | dirty
2026-07-28 21:35:06 | REMOVE | backend/src/routes/admin.ts              |    0 |  -1046 | 
2026-07-28 21:35:06 | REMOVE | backend/src/routes/admin.ts              |    0 |  -1046 | 
2026-07-28 21:35:06 | CREATE | backend/src/routes/admin.ts              | 1050 |  +1050 | dirty
2026-07-28 21:35:06 | CREATE | backend/src/routes/admin.ts              | 1050 |  +1050 | dirty
2026-07-28 21:35:22 | REMOVE | backend/src/routes/teacher.ts            |    0 |   -693 | 
2026-07-28 21:35:22 | REMOVE | backend/src/routes/teacher.ts            |    0 |   -693 | 
2026-07-28 21:35:22 | CREATE | backend/src/routes/teacher.ts            |  701 |   +701 | dirty
2026-07-28 21:35:22 | CREATE | backend/src/routes/teacher.ts            |  701 |   +701 | dirty
2026-07-28 21:35:27 | REMOVE | backend/src/routes/teacher.ts            |    0 |   -701 | 
2026-07-28 21:35:27 | REMOVE | backend/src/routes/teacher.ts            |    0 |   -701 | 
2026-07-28 21:35:27 | CREATE | backend/src/routes/teacher.ts            |  702 |   +702 | dirty
2026-07-28 21:35:27 | CREATE | backend/src/routes/teacher.ts            |  702 |   +702 | dirty
2026-07-28 21:35:36 | REMOVE | backend/src/routes/admin.ts              |    0 |  -1050 | 
2026-07-28 21:35:36 | REMOVE | backend/src/routes/admin.ts              |    0 |  -1050 | 
2026-07-28 21:35:36 | CREATE | backend/src/routes/admin.ts              | 1068 |  +1068 | dirty
2026-07-28 21:35:36 | CREATE | backend/src/routes/admin.ts              | 1068 |  +1068 | dirty
2026-07-28 21:35:50 | REMOVE | backend/src/routes/admin.ts              |    0 |  -1068 | 
2026-07-28 21:35:50 | REMOVE | backend/src/routes/admin.ts              |    0 |  -1068 | 
2026-07-28 21:35:50 | CREATE | backend/src/routes/admin.ts              | 1083 |  +1083 | dirty
2026-07-28 21:35:50 | CREATE | backend/src/routes/admin.ts              | 1083 |  +1083 | dirty
2026-07-28 21:36:23 | CREATE | backend/src/lib/exam.ts                  |   45 |    +45 | 
2026-07-28 21:36:23 | CREATE | backend/src/lib/exam.ts                  |   45 |    +45 | 
2026-07-28 21:36:30 | REMOVE | backend/src/routes/teacher.ts            |    0 |   -702 | 
2026-07-28 21:36:30 | REMOVE | backend/src/routes/teacher.ts            |    0 |   -702 | 
2026-07-28 21:36:30 | CREATE | backend/src/routes/teacher.ts            |  692 |   +692 | dirty
2026-07-28 21:36:30 | CREATE | backend/src/routes/teacher.ts            |  692 |   +692 | dirty
2026-07-28 21:36:35 | REMOVE | backend/src/routes/teacher.ts            |    0 |   -692 | 
2026-07-28 21:36:35 | REMOVE | backend/src/routes/teacher.ts            |    0 |   -692 | 
2026-07-28 21:36:35 | CREATE | backend/src/routes/teacher.ts            |  693 |   +693 | dirty
2026-07-28 21:36:35 | CREATE | backend/src/routes/teacher.ts            |  693 |   +693 | dirty
2026-07-28 21:36:40 | REMOVE | backend/src/routes/admin.ts              |    0 |  -1083 | 
2026-07-28 21:36:40 | REMOVE | backend/src/routes/admin.ts              |    0 |  -1083 | 
2026-07-28 21:36:40 | CREATE | backend/src/routes/admin.ts              | 1078 |  +1078 | dirty
2026-07-28 21:36:40 | CREATE | backend/src/routes/admin.ts              | 1078 |  +1078 | dirty
2026-07-28 21:36:46 | REMOVE | backend/src/routes/admin.ts              |    0 |  -1078 | 
2026-07-28 21:36:46 | REMOVE | backend/src/routes/admin.ts              |    0 |  -1078 | 
2026-07-28 21:36:46 | CREATE | backend/src/routes/admin.ts              | 1079 |  +1079 | dirty
2026-07-28 21:36:46 | CREATE | backend/src/routes/admin.ts              | 1079 |  +1079 | dirty
2026-07-28 21:36:55 | REMOVE | backend/src/routes/admin.ts              |    0 |  -1079 | 
2026-07-28 21:36:55 | REMOVE | backend/src/routes/admin.ts              |    0 |  -1079 | 
2026-07-28 21:36:55 | CREATE | backend/src/routes/admin.ts              | 1079 |  +1079 | dirty
2026-07-28 21:36:55 | CREATE | backend/src/routes/admin.ts              | 1079 |  +1079 | dirty
2026-07-28 21:37:35 | REMOVE | frontend/src/api/client.ts               |    0 |    -26 | 
2026-07-28 21:37:35 | REMOVE | frontend/src/api/client.ts               |    0 |    -26 | 
2026-07-28 21:37:35 | CREATE | frontend/src/api/client.ts               |   84 |    +84 | dirty
2026-07-28 21:37:35 | CREATE | frontend/src/api/client.ts               |   84 |    +84 | dirty
2026-07-28 21:37:58 | REMOVE | frontend/src/app/kit.tsx                 |    0 |   -464 | 
2026-07-28 21:37:58 | REMOVE | frontend/src/app/kit.tsx                 |    0 |   -464 | 
2026-07-28 21:37:58 | CREATE | frontend/src/app/kit.tsx                 |  552 |   +552 | dirty
2026-07-28 21:37:58 | CREATE | frontend/src/app/kit.tsx                 |  552 |   +552 | dirty
2026-07-28 21:38:06 | REMOVE | frontend/src/app/kit.tsx                 |    0 |   -552 | 
2026-07-28 21:38:06 | REMOVE | frontend/src/app/kit.tsx                 |    0 |   -552 | 
2026-07-28 21:38:06 | CREATE | frontend/src/app/kit.tsx                 |  553 |   +553 | dirty
2026-07-28 21:38:06 | CREATE | frontend/src/app/kit.tsx                 |  553 |   +553 | dirty
2026-07-28 21:38:24 | REMOVE | frontend/src/app/Albums.tsx              |    0 |   -719 | 
2026-07-28 21:38:24 | REMOVE | frontend/src/app/Albums.tsx              |    0 |   -719 | 
2026-07-28 21:38:24 | CREATE | frontend/src/app/Albums.tsx              |  709 |   +709 | dirty
2026-07-28 21:38:24 | CREATE | frontend/src/app/Albums.tsx              |  709 |   +709 | dirty
2026-07-28 21:38:30 | REMOVE | frontend/src/app/Albums.tsx              |    0 |   -709 | 
2026-07-28 21:38:30 | REMOVE | frontend/src/app/Albums.tsx              |    0 |   -709 | 
2026-07-28 21:38:30 | CREATE | frontend/src/app/Albums.tsx              |  709 |   +709 | dirty
2026-07-28 21:38:30 | CREATE | frontend/src/app/Albums.tsx              |  709 |   +709 | dirty
2026-07-28 21:38:41 | REMOVE | frontend/src/app/AdminApp.tsx            |    0 |  -3778 | 
2026-07-28 21:38:41 | REMOVE | frontend/src/app/AdminApp.tsx            |    0 |  -3778 | 
2026-07-28 21:38:41 | CREATE | frontend/src/app/AdminApp.tsx            | 3776 |  +3776 | dirty
2026-07-28 21:38:41 | CREATE | frontend/src/app/AdminApp.tsx            | 3776 |  +3776 | dirty
2026-07-28 21:38:48 | REMOVE | frontend/src/app/AdminApp.tsx            |    0 |  -3776 | 
2026-07-28 21:38:48 | REMOVE | frontend/src/app/AdminApp.tsx            |    0 |  -3776 | 
2026-07-28 21:38:48 | CREATE | frontend/src/app/AdminApp.tsx            | 3774 |  +3774 | dirty
2026-07-28 21:38:48 | CREATE | frontend/src/app/AdminApp.tsx            | 3774 |  +3774 | dirty
2026-07-28 21:39:00 | REMOVE | frontend/src/app/AdminApp.tsx            |    0 |  -3774 | 
2026-07-28 21:39:00 | REMOVE | frontend/src/app/AdminApp.tsx            |    0 |  -3774 | 
2026-07-28 21:39:00 | CREATE | frontend/src/app/AdminApp.tsx            | 3772 |  +3772 | dirty
2026-07-28 21:39:00 | CREATE | frontend/src/app/AdminApp.tsx            | 3772 |  +3772 | dirty
2026-07-28 21:39:07 | REMOVE | frontend/src/app/AdminApp.tsx            |    0 |  -3772 | 
2026-07-28 21:39:07 | REMOVE | frontend/src/app/AdminApp.tsx            |    0 |  -3772 | 
2026-07-28 21:39:07 | CREATE | frontend/src/app/AdminApp.tsx            | 3772 |  +3772 | dirty
2026-07-28 21:39:07 | CREATE | frontend/src/app/AdminApp.tsx            | 3772 |  +3772 | dirty
2026-07-28 21:39:26 | REMOVE | frontend/src/app/AdminApp.tsx            |    0 |  -3772 | 
2026-07-28 21:39:26 | REMOVE | frontend/src/app/AdminApp.tsx            |    0 |  -3772 | 
2026-07-28 21:39:26 | CREATE | frontend/src/app/AdminApp.tsx            | 3774 |  +3774 | dirty
2026-07-28 21:39:26 | CREATE | frontend/src/app/AdminApp.tsx            | 3774 |  +3774 | dirty
2026-07-28 21:39:34 | REMOVE | frontend/src/app/AdminApp.tsx            |    0 |  -3774 | 
2026-07-28 21:39:34 | REMOVE | frontend/src/app/AdminApp.tsx            |    0 |  -3774 | 
2026-07-28 21:39:34 | CREATE | frontend/src/app/AdminApp.tsx            | 3782 |  +3782 | dirty
2026-07-28 21:39:34 | CREATE | frontend/src/app/AdminApp.tsx            | 3782 |  +3782 | dirty
2026-07-28 21:39:41 | REMOVE | frontend/src/app/AdminApp.tsx            |    0 |  -3782 | 
2026-07-28 21:39:41 | REMOVE | frontend/src/app/AdminApp.tsx            |    0 |  -3782 | 
2026-07-28 21:39:41 | CREATE | frontend/src/app/AdminApp.tsx            | 3780 |  +3780 | dirty
2026-07-28 21:39:41 | CREATE | frontend/src/app/AdminApp.tsx            | 3780 |  +3780 | dirty
2026-07-28 21:39:52 | REMOVE | frontend/src/app/AdminApp.tsx            |    0 |  -3780 | 
2026-07-28 21:39:52 | REMOVE | frontend/src/app/AdminApp.tsx            |    0 |  -3780 | 
2026-07-28 21:39:52 | CREATE | frontend/src/app/AdminApp.tsx            | 3798 |  +3798 | dirty
2026-07-28 21:39:52 | CREATE | frontend/src/app/AdminApp.tsx            | 3798 |  +3798 | dirty
2026-07-28 21:40:07 | REMOVE | frontend/src/app/AdminApp.tsx            |    0 |  -3798 | 
2026-07-28 21:40:07 | REMOVE | frontend/src/app/AdminApp.tsx            |    0 |  -3798 | 
2026-07-28 21:40:07 | CREATE | frontend/src/app/AdminApp.tsx            | 3801 |  +3801 | dirty
2026-07-28 21:40:07 | CREATE | frontend/src/app/AdminApp.tsx            | 3801 |  +3801 | dirty
2026-07-28 21:40:18 | REMOVE | frontend/src/app/AdminApp.tsx            |    0 |  -3801 | 
2026-07-28 21:40:18 | REMOVE | frontend/src/app/AdminApp.tsx            |    0 |  -3801 | 
2026-07-28 21:40:18 | CREATE | frontend/src/app/AdminApp.tsx            | 3793 |  +3793 | dirty
2026-07-28 21:40:18 | CREATE | frontend/src/app/AdminApp.tsx            | 3793 |  +3793 | dirty
2026-07-28 21:40:29 | REMOVE | frontend/src/app/AdminApp.tsx            |    0 |  -3793 | 
2026-07-28 21:40:29 | REMOVE | frontend/src/app/AdminApp.tsx            |    0 |  -3793 | 
2026-07-28 21:40:29 | CREATE | frontend/src/app/AdminApp.tsx            | 3792 |  +3792 | dirty
2026-07-28 21:40:29 | CREATE | frontend/src/app/AdminApp.tsx            | 3792 |  +3792 | dirty
2026-07-28 21:40:42 | REMOVE | frontend/src/app/AdminApp.tsx            |    0 |  -3792 | 
2026-07-28 21:40:42 | REMOVE | frontend/src/app/AdminApp.tsx            |    0 |  -3792 | 
2026-07-28 21:40:42 | CREATE | frontend/src/app/AdminApp.tsx            | 3790 |  +3790 | dirty
2026-07-28 21:40:42 | CREATE | frontend/src/app/AdminApp.tsx            | 3790 |  +3790 | dirty
2026-07-28 21:40:54 | REMOVE | frontend/src/api/admin.ts                |    0 |   -383 | 
2026-07-28 21:40:54 | REMOVE | frontend/src/api/admin.ts                |    0 |   -383 | 
2026-07-28 21:40:54 | CREATE | frontend/src/api/admin.ts                |  392 |   +392 | dirty
2026-07-28 21:40:54 | CREATE | frontend/src/api/admin.ts                |  392 |   +392 | dirty
2026-07-28 21:40:59 | REMOVE | frontend/src/api/teacher.ts              |    0 |   -220 | 
2026-07-28 21:40:59 | REMOVE | frontend/src/api/teacher.ts              |    0 |   -220 | 
2026-07-28 21:40:59 | CREATE | frontend/src/api/teacher.ts              |  223 |   +223 | dirty
2026-07-28 21:40:59 | CREATE | frontend/src/api/teacher.ts              |  223 |   +223 | dirty
2026-07-28 21:41:53 | REMOVE | frontend/src/api/client.ts               |    0 |    -84 | 
2026-07-28 21:41:53 | REMOVE | frontend/src/api/client.ts               |    0 |    -84 | 
2026-07-28 21:41:53 | CREATE | frontend/src/api/client.ts               |   94 |    +94 | dirty
2026-07-28 21:41:53 | CREATE | frontend/src/api/client.ts               |   94 |    +94 | dirty
2026-07-28 21:49:40 | WRITE  | frontend/src/app/AdminApp.tsx            | 3787 |     -3 | dirty
2026-07-28 21:49:40 | WRITE  | frontend/src/app/AdminApp.tsx            | 3787 |     -3 | dirty
2026-07-28 21:49:46 | REMOVE | frontend/src/app/AdminApp.tsx            |    0 |  -3787 | 
2026-07-28 21:49:46 | REMOVE | frontend/src/app/AdminApp.tsx            |    0 |  -3787 | 
2026-07-28 21:49:46 | CREATE | frontend/src/app/AdminApp.tsx            | 3787 |  +3787 | dirty
2026-07-28 21:49:46 | CREATE | frontend/src/app/AdminApp.tsx            | 3787 |  +3787 | dirty
2026-07-28 21:50:26 | REMOVE | frontend/src/app/TeacherApp.tsx          |    0 |  -1313 | 
2026-07-28 21:50:26 | REMOVE | frontend/src/app/TeacherApp.tsx          |    0 |  -1313 | 
2026-07-28 21:50:26 | CREATE | frontend/src/app/TeacherApp.tsx          | 1320 |  +1320 | dirty
2026-07-28 21:50:26 | CREATE | frontend/src/app/TeacherApp.tsx          | 1320 |  +1320 | dirty
2026-07-28 21:50:36 | REMOVE | frontend/src/app/TeacherApp.tsx          |    0 |  -1320 | 
2026-07-28 21:50:36 | REMOVE | frontend/src/app/TeacherApp.tsx          |    0 |  -1320 | 
2026-07-28 21:50:36 | CREATE | frontend/src/app/TeacherApp.tsx          | 1321 |  +1321 | dirty
2026-07-28 21:50:36 | CREATE | frontend/src/app/TeacherApp.tsx          | 1321 |  +1321 | dirty
2026-07-28 21:50:41 | REMOVE | frontend/src/app/TeacherApp.tsx          |    0 |  -1321 | 
2026-07-28 21:50:41 | REMOVE | frontend/src/app/TeacherApp.tsx          |    0 |  -1321 | 
2026-07-28 21:50:41 | CREATE | frontend/src/app/TeacherApp.tsx          | 1321 |  +1321 | dirty
2026-07-28 21:50:41 | CREATE | frontend/src/app/TeacherApp.tsx          | 1321 |  +1321 | dirty
2026-07-28 21:50:46 | REMOVE | frontend/src/app/TeacherApp.tsx          |    0 |  -1321 | 
2026-07-28 21:50:46 | REMOVE | frontend/src/app/TeacherApp.tsx          |    0 |  -1321 | 
2026-07-28 21:50:46 | CREATE | frontend/src/app/TeacherApp.tsx          | 1321 |  +1321 | dirty
2026-07-28 21:50:46 | CREATE | frontend/src/app/TeacherApp.tsx          | 1321 |  +1321 | dirty
2026-07-28 21:50:51 | REMOVE | frontend/src/app/TeacherApp.tsx          |    0 |  -1321 | 
2026-07-28 21:50:51 | REMOVE | frontend/src/app/TeacherApp.tsx          |    0 |  -1321 | 
2026-07-28 21:50:51 | CREATE | frontend/src/app/TeacherApp.tsx          | 1322 |  +1322 | dirty
2026-07-28 21:50:51 | CREATE | frontend/src/app/TeacherApp.tsx          | 1322 |  +1322 | dirty
2026-07-28 21:51:01 | REMOVE | frontend/src/app/TeacherApp.tsx          |    0 |  -1322 | 
2026-07-28 21:51:01 | REMOVE | frontend/src/app/TeacherApp.tsx          |    0 |  -1322 | 
2026-07-28 21:51:01 | CREATE | frontend/src/app/TeacherApp.tsx          | 1327 |  +1327 | dirty
2026-07-28 21:51:01 | CREATE | frontend/src/app/TeacherApp.tsx          | 1327 |  +1327 | dirty
2026-07-28 21:51:13 | REMOVE | frontend/src/app/TeacherApp.tsx          |    0 |  -1327 | 
2026-07-28 21:51:13 | REMOVE | frontend/src/app/TeacherApp.tsx          |    0 |  -1327 | 
2026-07-28 21:51:13 | CREATE | frontend/src/app/TeacherApp.tsx          | 1327 |  +1327 | dirty
2026-07-28 21:51:13 | CREATE | frontend/src/app/TeacherApp.tsx          | 1327 |  +1327 | dirty
2026-07-28 21:51:23 | REMOVE | frontend/src/app/TeacherApp.tsx          |    0 |  -1327 | 
2026-07-28 21:51:23 | REMOVE | frontend/src/app/TeacherApp.tsx          |    0 |  -1327 | 
2026-07-28 21:51:23 | CREATE | frontend/src/app/TeacherApp.tsx          | 1328 |  +1328 | dirty
2026-07-28 21:51:23 | CREATE | frontend/src/app/TeacherApp.tsx          | 1328 |  +1328 | dirty
2026-07-28 21:52:46 | CREATE | backend/src/lib/audit.ts                 |   84 |    +84 | 
2026-07-28 21:52:46 | CREATE | backend/src/lib/audit.ts                 |   84 |    +84 | 
2026-07-28 21:53:01 | REMOVE | backend/src/routes/admin.ts              |    0 |  -1079 | 
2026-07-28 21:53:01 | REMOVE | backend/src/routes/admin.ts              |    0 |  -1079 | 
2026-07-28 21:53:01 | CREATE | backend/src/routes/admin.ts              | 1089 |  +1089 | dirty
2026-07-28 21:53:01 | CREATE | backend/src/routes/admin.ts              | 1089 |  +1089 | dirty
2026-07-28 21:53:07 | REMOVE | backend/src/routes/admin.ts              |    0 |  -1089 | 
2026-07-28 21:53:07 | REMOVE | backend/src/routes/admin.ts              |    0 |  -1089 | 
2026-07-28 21:53:07 | CREATE | backend/src/routes/admin.ts              | 1090 |  +1090 | dirty
2026-07-28 21:53:07 | CREATE | backend/src/routes/admin.ts              | 1090 |  +1090 | dirty
2026-07-28 21:53:17 | REMOVE | backend/src/routes/admin.ts              |    0 |  -1090 | 
2026-07-28 21:53:17 | REMOVE | backend/src/routes/admin.ts              |    0 |  -1090 | 
2026-07-28 21:53:17 | CREATE | backend/src/routes/admin.ts              | 1099 |  +1099 | dirty
2026-07-28 21:53:17 | CREATE | backend/src/routes/admin.ts              | 1099 |  +1099 | dirty
2026-07-28 21:53:25 | REMOVE | backend/src/routes/admin.ts              |    0 |  -1099 | 
2026-07-28 21:53:25 | REMOVE | backend/src/routes/admin.ts              |    0 |  -1099 | 
2026-07-28 21:53:25 | CREATE | backend/src/routes/admin.ts              | 1109 |  +1109 | dirty
2026-07-28 21:53:25 | CREATE | backend/src/routes/admin.ts              | 1109 |  +1109 | dirty
2026-07-28 21:53:32 | REMOVE | backend/src/routes/admin.ts              |    0 |  -1109 | 
2026-07-28 21:53:32 | REMOVE | backend/src/routes/admin.ts              |    0 |  -1109 | 
2026-07-28 21:53:32 | CREATE | backend/src/routes/admin.ts              | 1117 |  +1117 | dirty
2026-07-28 21:53:32 | CREATE | backend/src/routes/admin.ts              | 1117 |  +1117 | dirty
2026-07-28 21:53:54 | REMOVE | backend/src/routes/admin.ts              |    0 |  -1117 | 
2026-07-28 21:53:54 | REMOVE | backend/src/routes/admin.ts              |    0 |  -1117 | 
2026-07-28 21:53:54 | CREATE | backend/src/routes/admin.ts              | 1129 |  +1129 | dirty
2026-07-28 21:53:54 | CREATE | backend/src/routes/admin.ts              | 1129 |  +1129 | dirty
2026-07-28 21:54:01 | REMOVE | backend/src/routes/admin.ts              |    0 |  -1129 | 
2026-07-28 21:54:01 | REMOVE | backend/src/routes/admin.ts              |    0 |  -1129 | 
2026-07-28 21:54:01 | CREATE | backend/src/routes/admin.ts              | 1138 |  +1138 | dirty
2026-07-28 21:54:01 | CREATE | backend/src/routes/admin.ts              | 1138 |  +1138 | dirty
2026-07-28 21:54:08 | REMOVE | backend/src/routes/teacher.ts            |    0 |   -693 | 
2026-07-28 21:54:08 | REMOVE | backend/src/routes/teacher.ts            |    0 |   -693 | 
2026-07-28 21:54:08 | CREATE | backend/src/routes/teacher.ts            |  703 |   +703 | dirty
2026-07-28 21:54:08 | CREATE | backend/src/routes/teacher.ts            |  703 |   +703 | dirty
2026-07-28 21:54:15 | REMOVE | backend/src/routes/teacher.ts            |    0 |   -703 | 
2026-07-28 21:54:15 | REMOVE | backend/src/routes/teacher.ts            |    0 |   -703 | 
2026-07-28 21:54:15 | CREATE | backend/src/routes/teacher.ts            |  704 |   +704 | dirty
2026-07-28 21:54:15 | CREATE | backend/src/routes/teacher.ts            |  704 |   +704 | dirty
2026-07-28 21:54:25 | REMOVE | backend/src/routes/teacher.ts            |    0 |   -704 | 
2026-07-28 21:54:25 | REMOVE | backend/src/routes/teacher.ts            |    0 |   -704 | 
2026-07-28 21:54:25 | CREATE | backend/src/routes/teacher.ts            |  713 |   +713 | dirty
2026-07-28 21:54:25 | CREATE | backend/src/routes/teacher.ts            |  713 |   +713 | dirty
2026-07-28 21:54:34 | REMOVE | backend/src/routes/platform.ts           |    0 |   -246 | 
2026-07-28 21:54:34 | REMOVE | backend/src/routes/platform.ts           |    0 |   -246 | 
2026-07-28 21:54:34 | CREATE | backend/src/routes/platform.ts           |  265 |   +265 | dirty
2026-07-28 21:54:34 | CREATE | backend/src/routes/platform.ts           |  265 |   +265 | dirty
2026-07-28 21:54:43 | REMOVE | backend/src/routes/platform.ts           |    0 |   -265 | 
2026-07-28 21:54:43 | REMOVE | backend/src/routes/platform.ts           |    0 |   -265 | 
2026-07-28 21:54:44 | CREATE | backend/src/routes/platform.ts           |  267 |   +267 | dirty
2026-07-28 21:54:44 | CREATE | backend/src/routes/platform.ts           |  267 |   +267 | dirty
2026-07-28 21:54:49 | REMOVE | backend/src/routes/platform.ts           |    0 |   -267 | 
2026-07-28 21:54:49 | REMOVE | backend/src/routes/platform.ts           |    0 |   -267 | 
2026-07-28 21:54:49 | CREATE | backend/src/routes/platform.ts           |  268 |   +268 | dirty
2026-07-28 21:54:49 | CREATE | backend/src/routes/platform.ts           |  268 |   +268 | dirty
2026-07-28 21:55:13 | REMOVE | backend/src/routes/admin.ts              |    0 |  -1138 | 
2026-07-28 21:55:13 | REMOVE | backend/src/routes/admin.ts              |    0 |  -1138 | 
2026-07-28 21:55:13 | CREATE | backend/src/routes/admin.ts              | 1145 |  +1145 | dirty
2026-07-28 21:55:13 | CREATE | backend/src/routes/admin.ts              | 1145 |  +1145 | dirty
2026-07-28 21:55:24 | REMOVE | backend/src/routes/admin.ts              |    0 |  -1145 | 
2026-07-28 21:55:24 | REMOVE | backend/src/routes/admin.ts              |    0 |  -1145 | 
2026-07-28 21:55:24 | CREATE | backend/src/routes/admin.ts              | 1158 |  +1158 | dirty
2026-07-28 21:55:24 | CREATE | backend/src/routes/admin.ts              | 1158 |  +1158 | dirty
2026-07-28 21:55:34 | REMOVE | backend/src/routes/admin.ts              |    0 |  -1158 | 
2026-07-28 21:55:34 | REMOVE | backend/src/routes/admin.ts              |    0 |  -1158 | 
2026-07-28 21:55:34 | CREATE | backend/src/routes/admin.ts              | 1171 |  +1171 | dirty
2026-07-28 21:55:34 | CREATE | backend/src/routes/admin.ts              | 1171 |  +1171 | dirty
2026-07-28 21:55:50 | REMOVE | backend/src/routes/admin.ts              |    0 |  -1171 | 
2026-07-28 21:55:50 | REMOVE | backend/src/routes/admin.ts              |    0 |  -1171 | 
2026-07-28 21:55:50 | CREATE | backend/src/routes/admin.ts              | 1181 |  +1181 | dirty
2026-07-28 21:55:50 | CREATE | backend/src/routes/admin.ts              | 1181 |  +1181 | dirty
2026-07-28 21:56:05 | REMOVE | backend/src/routes/admin.ts              |    0 |  -1181 | 
2026-07-28 21:56:05 | REMOVE | backend/src/routes/admin.ts              |    0 |  -1181 | 
2026-07-28 21:56:05 | CREATE | backend/src/routes/admin.ts              | 1188 |  +1188 | dirty
2026-07-28 21:56:05 | CREATE | backend/src/routes/admin.ts              | 1188 |  +1188 | dirty
2026-07-28 21:56:13 | REMOVE | backend/src/routes/admin.ts              |    0 |  -1188 | 
2026-07-28 21:56:13 | REMOVE | backend/src/routes/admin.ts              |    0 |  -1188 | 
2026-07-28 21:56:13 | CREATE | backend/src/routes/admin.ts              | 1198 |  +1198 | dirty
2026-07-28 21:56:13 | CREATE | backend/src/routes/admin.ts              | 1198 |  +1198 | dirty
2026-07-28 21:56:29 | REMOVE | backend/src/routes/admin.ts              |    0 |  -1198 | 
2026-07-28 21:56:29 | REMOVE | backend/src/routes/admin.ts              |    0 |  -1198 | 
2026-07-28 21:56:29 | CREATE | backend/src/routes/admin.ts              | 1205 |  +1205 | dirty
2026-07-28 21:56:29 | CREATE | backend/src/routes/admin.ts              | 1205 |  +1205 | dirty
2026-07-28 21:56:44 | REMOVE | backend/src/routes/auth.ts               |    0 |   -128 | 
2026-07-28 21:56:44 | REMOVE | backend/src/routes/auth.ts               |    0 |   -128 | 
2026-07-28 21:56:44 | CREATE | backend/src/routes/auth.ts               |  137 |   +137 | dirty
2026-07-28 21:56:44 | CREATE | backend/src/routes/auth.ts               |  137 |   +137 | dirty
2026-07-28 21:56:55 | REMOVE | backend/src/routes/auth.ts               |    0 |   -137 | 
2026-07-28 21:56:55 | REMOVE | backend/src/routes/auth.ts               |    0 |   -137 | 
2026-07-28 21:56:55 | CREATE | backend/src/routes/auth.ts               |  138 |   +138 | dirty
2026-07-28 21:56:55 | CREATE | backend/src/routes/auth.ts               |  138 |   +138 | dirty
2026-07-28 21:57:13 | REMOVE | backend/src/routes/platform.ts           |    0 |   -268 | 
2026-07-28 21:57:13 | REMOVE | backend/src/routes/platform.ts           |    0 |   -268 | 
2026-07-28 21:57:13 | CREATE | backend/src/routes/platform.ts           |  275 |   +275 | dirty
2026-07-28 21:57:13 | CREATE | backend/src/routes/platform.ts           |  275 |   +275 | dirty
2026-07-28 21:57:21 | REMOVE | backend/src/routes/platform.ts           |    0 |   -275 | 
2026-07-28 21:57:21 | REMOVE | backend/src/routes/platform.ts           |    0 |   -275 | 
2026-07-28 21:57:21 | CREATE | backend/src/routes/platform.ts           |  283 |   +283 | dirty
2026-07-28 21:57:21 | CREATE | backend/src/routes/platform.ts           |  283 |   +283 | dirty
2026-07-28 21:57:27 | REMOVE | backend/src/routes/platform.ts           |    0 |   -283 | 
2026-07-28 21:57:27 | REMOVE | backend/src/routes/platform.ts           |    0 |   -283 | 
2026-07-28 21:57:27 | CREATE | backend/src/routes/platform.ts           |  292 |   +292 | dirty
2026-07-28 21:57:27 | CREATE | backend/src/routes/platform.ts           |  292 |   +292 | dirty
2026-07-28 21:57:49 | REMOVE | backend/src/routes/gallery.ts            |    0 |   -204 | 
2026-07-28 21:57:49 | REMOVE | backend/src/routes/gallery.ts            |    0 |   -204 | 
2026-07-28 21:57:49 | CREATE | backend/src/routes/gallery.ts            |  216 |   +216 | dirty
2026-07-28 21:57:49 | CREATE | backend/src/routes/gallery.ts            |  216 |   +216 | dirty
2026-07-28 21:57:55 | REMOVE | backend/src/routes/gallery.ts            |    0 |   -216 | 
2026-07-28 21:57:55 | REMOVE | backend/src/routes/gallery.ts            |    0 |   -216 | 
2026-07-28 21:57:55 | CREATE | backend/src/routes/gallery.ts            |  226 |   +226 | dirty
2026-07-28 21:57:55 | CREATE | backend/src/routes/gallery.ts            |  226 |   +226 | dirty
2026-07-28 21:58:05 | REMOVE | backend/src/routes/gallery.ts            |    0 |   -226 | 
2026-07-28 21:58:05 | REMOVE | backend/src/routes/gallery.ts            |    0 |   -226 | 
2026-07-28 21:58:05 | CREATE | backend/src/routes/gallery.ts            |  227 |   +227 | dirty
2026-07-28 21:58:05 | CREATE | backend/src/routes/gallery.ts            |  227 |   +227 | dirty
2026-07-28 22:03:15 | REMOVE | backend/src/routes/admin.ts              |    0 |  -1205 | 
2026-07-28 22:03:15 | REMOVE | backend/src/routes/admin.ts              |    0 |  -1205 | 
2026-07-28 22:03:15 | CREATE | backend/src/routes/admin.ts              | 1214 |  +1214 | dirty
2026-07-28 22:03:15 | CREATE | backend/src/routes/admin.ts              | 1214 |  +1214 | dirty
2026-07-28 22:03:36 | REMOVE | backend/src/routes/teacher.ts            |    0 |   -713 | 
2026-07-28 22:03:36 | REMOVE | backend/src/routes/teacher.ts            |    0 |   -713 | 
2026-07-28 22:03:36 | CREATE | backend/src/routes/teacher.ts            |  715 |   +715 | dirty
2026-07-28 22:03:36 | CREATE | backend/src/routes/teacher.ts            |  715 |   +715 | dirty
2026-07-28 22:03:51 | CREATE | backend/src/lib/archive.ts               |   30 |    +30 | 
2026-07-28 22:03:51 | CREATE | backend/src/lib/archive.ts               |   30 |    +30 | 
2026-07-28 22:04:03 | REMOVE | backend/src/routes/admin.ts              |    0 |  -1214 | 
2026-07-28 22:04:03 | REMOVE | backend/src/routes/admin.ts              |    0 |  -1214 | 
2026-07-28 22:04:03 | CREATE | backend/src/routes/admin.ts              | 1253 |  +1253 | dirty
2026-07-28 22:04:03 | CREATE | backend/src/routes/admin.ts              | 1253 |  +1253 | dirty
2026-07-28 22:04:09 | REMOVE | backend/src/routes/admin.ts              |    0 |  -1253 | 
2026-07-28 22:04:09 | REMOVE | backend/src/routes/admin.ts              |    0 |  -1253 | 
2026-07-28 22:04:09 | CREATE | backend/src/routes/admin.ts              | 1254 |  +1254 | dirty
2026-07-28 22:04:09 | CREATE | backend/src/routes/admin.ts              | 1254 |  +1254 | dirty
2026-07-28 22:04:24 | REMOVE | backend/src/routes/admin.ts              |    0 |  -1254 | 
2026-07-28 22:04:24 | REMOVE | backend/src/routes/admin.ts              |    0 |  -1254 | 
2026-07-28 22:04:24 | CREATE | backend/src/routes/admin.ts              | 1311 |  +1311 | dirty
2026-07-28 22:04:24 | CREATE | backend/src/routes/admin.ts              | 1311 |  +1311 | dirty
2026-07-28 22:04:43 | REMOVE | backend/src/routes/admin.ts              |    0 |  -1311 | 
2026-07-28 22:04:43 | REMOVE | backend/src/routes/admin.ts              |    0 |  -1311 | 
2026-07-28 22:04:43 | CREATE | backend/src/routes/admin.ts              | 1385 |  +1385 | dirty
2026-07-28 22:04:43 | CREATE | backend/src/routes/admin.ts              | 1385 |  +1385 | dirty
2026-07-28 22:04:50 | REMOVE | backend/src/routes/admin.ts              |    0 |  -1385 | 
2026-07-28 22:04:50 | REMOVE | backend/src/routes/admin.ts              |    0 |  -1385 | 
2026-07-28 22:04:50 | CREATE | backend/src/routes/admin.ts              | 1385 |  +1385 | dirty
2026-07-28 22:04:50 | CREATE | backend/src/routes/admin.ts              | 1385 |  +1385 | dirty
2026-07-28 22:05:12 | REMOVE | backend/src/routes/admin.ts              |    0 |  -1385 | 
2026-07-28 22:05:12 | REMOVE | backend/src/routes/admin.ts              |    0 |  -1385 | 
2026-07-28 22:05:12 | CREATE | backend/src/routes/admin.ts              | 1455 |  +1455 | dirty
2026-07-28 22:05:12 | CREATE | backend/src/routes/admin.ts              | 1455 |  +1455 | dirty
2026-07-28 22:05:40 | REMOVE | backend/src/routes/admin.ts              |    0 |  -1455 | 
2026-07-28 22:05:40 | REMOVE | backend/src/routes/admin.ts              |    0 |  -1455 | 
2026-07-28 22:05:40 | CREATE | backend/src/routes/admin.ts              | 1495 |  +1495 | dirty
2026-07-28 22:05:40 | CREATE | backend/src/routes/admin.ts              | 1495 |  +1495 | dirty
2026-07-28 22:29:48 | REMOVE | backend/src/routes/auth.ts               |    0 |   -138 | 
2026-07-28 22:29:48 | REMOVE | backend/src/routes/auth.ts               |    0 |   -138 | 
2026-07-28 22:29:48 | CREATE | backend/src/routes/auth.ts               |  140 |   +140 | dirty
2026-07-28 22:29:48 | CREATE | backend/src/routes/auth.ts               |  140 |   +140 | dirty
2026-07-28 22:29:53 | REMOVE | backend/src/routes/auth.ts               |    0 |   -140 | 
2026-07-28 22:29:53 | REMOVE | backend/src/routes/auth.ts               |    0 |   -140 | 
2026-07-28 22:29:53 | CREATE | backend/src/routes/auth.ts               |  142 |   +142 | dirty
2026-07-28 22:29:53 | CREATE | backend/src/routes/auth.ts               |  142 |   +142 | dirty
2026-07-28 22:30:23 | REMOVE | backend/src/middleware/auth.ts           |    0 |    -52 | 
2026-07-28 22:30:23 | REMOVE | backend/src/middleware/auth.ts           |    0 |    -52 | 
2026-07-28 22:30:23 | CREATE | backend/src/middleware/auth.ts           |   66 |    +66 | dirty
2026-07-28 22:30:23 | CREATE | backend/src/middleware/auth.ts           |   66 |    +66 | dirty
2026-07-28 22:30:30 | REMOVE | backend/src/middleware/auth.ts           |    0 |    -66 | 
2026-07-28 22:30:30 | REMOVE | backend/src/middleware/auth.ts           |    0 |    -66 | 
2026-07-28 22:30:30 | CREATE | backend/src/middleware/auth.ts           |   67 |    +67 | dirty
2026-07-28 22:30:30 | CREATE | backend/src/middleware/auth.ts           |   67 |    +67 | dirty
2026-07-28 22:33:09 | REMOVE | backend/src/middleware/auth.ts           |    0 |    -67 | 
2026-07-28 22:33:09 | REMOVE | backend/src/middleware/auth.ts           |    0 |    -67 | 
2026-07-28 22:33:09 | CREATE | backend/src/middleware/auth.ts           |   76 |    +76 | dirty
2026-07-28 22:33:09 | CREATE | backend/src/middleware/auth.ts           |   76 |    +76 | dirty
2026-07-28 22:33:39 | REMOVE | backend/src/routes/teacher.ts            |    0 |   -715 | 
2026-07-28 22:33:39 | REMOVE | backend/src/routes/teacher.ts            |    0 |   -715 | 
2026-07-28 22:33:39 | CREATE | backend/src/routes/teacher.ts            |  721 |   +721 | dirty
2026-07-28 22:33:39 | CREATE | backend/src/routes/teacher.ts            |  721 |   +721 | dirty
2026-07-28 22:33:46 | REMOVE | backend/src/routes/teacher.ts            |    0 |   -721 | 
2026-07-28 22:33:46 | REMOVE | backend/src/routes/teacher.ts            |    0 |   -721 | 
2026-07-28 22:33:46 | CREATE | backend/src/routes/teacher.ts            |  722 |   +722 | dirty
2026-07-28 22:33:46 | CREATE | backend/src/routes/teacher.ts            |  722 |   +722 | dirty
2026-07-28 22:33:52 | REMOVE | backend/src/routes/teacher.ts            |    0 |   -722 | 
2026-07-28 22:33:52 | REMOVE | backend/src/routes/teacher.ts            |    0 |   -722 | 
2026-07-28 22:33:52 | CREATE | backend/src/routes/teacher.ts            |  722 |   +722 | dirty
2026-07-28 22:33:52 | CREATE | backend/src/routes/teacher.ts            |  722 |   +722 | dirty
2026-07-28 22:33:59 | REMOVE | backend/src/lib/archive.ts               |    0 |    -30 | 
2026-07-28 22:33:59 | REMOVE | backend/src/lib/archive.ts               |    0 |    -30 | 
2026-07-28 22:33:59 | CREATE | backend/src/lib/archive.ts               |   36 |    +36 | 
2026-07-28 22:33:59 | CREATE | backend/src/lib/archive.ts               |   36 |    +36 | 
2026-07-28 22:34:11 | REMOVE | backend/src/lib/archive.ts               |    0 |    -36 | 
2026-07-28 22:34:11 | REMOVE | backend/src/lib/archive.ts               |    0 |    -36 | 
2026-07-28 22:34:11 | CREATE | backend/src/lib/archive.ts               |   35 |    +35 | 
2026-07-28 22:34:11 | CREATE | backend/src/lib/archive.ts               |   35 |    +35 | 
2026-07-28 22:34:17 | REMOVE | backend/src/routes/teacher.ts            |    0 |   -722 | 
2026-07-28 22:34:17 | REMOVE | backend/src/routes/teacher.ts            |    0 |   -722 | 
2026-07-28 22:34:17 | CREATE | backend/src/routes/teacher.ts            |  726 |   +726 | dirty
2026-07-28 22:34:17 | CREATE | backend/src/routes/teacher.ts            |  726 |   +726 | dirty
2026-07-28 22:34:25 | WRITE  | backend/src/routes/teacher.ts            |  726 |        | dirty
2026-07-28 22:34:25 | WRITE  | backend/src/routes/teacher.ts            |  726 |        | dirty
2026-07-28 22:36:18 | WRITE  | backend/src/routes/teacher.ts            |  726 |        | dirty
2026-07-28 22:36:18 | WRITE  | backend/src/routes/teacher.ts            |  726 |        | dirty
2026-07-28 22:36:18 | WRITE  | backend/src/routes/admin.ts              | 1495 |        | dirty
2026-07-28 22:36:18 | WRITE  | backend/src/routes/admin.ts              | 1495 |        | dirty
2026-07-28 22:36:26 | REMOVE | backend/src/routes/admin.ts              |    0 |  -1495 | 
2026-07-28 22:36:26 | REMOVE | backend/src/routes/admin.ts              |    0 |  -1495 | 
2026-07-28 22:36:26 | CREATE | backend/src/routes/admin.ts              | 1505 |  +1505 | dirty
2026-07-28 22:36:26 | CREATE | backend/src/routes/admin.ts              | 1505 |  +1505 | dirty
2026-07-28 22:36:35 | REMOVE | backend/src/routes/admin.ts              |    0 |  -1505 | 
2026-07-28 22:36:35 | REMOVE | backend/src/routes/admin.ts              |    0 |  -1505 | 
2026-07-28 22:36:35 | CREATE | backend/src/routes/admin.ts              | 1511 |  +1511 | dirty
2026-07-28 22:36:35 | CREATE | backend/src/routes/admin.ts              | 1511 |  +1511 | dirty
2026-07-28 22:36:45 | REMOVE | backend/src/routes/admin.ts              |    0 |  -1511 | 
2026-07-28 22:36:45 | REMOVE | backend/src/routes/admin.ts              |    0 |  -1511 | 
2026-07-28 22:36:45 | CREATE | backend/src/routes/admin.ts              | 1511 |  +1511 | dirty
2026-07-28 22:36:45 | CREATE | backend/src/routes/admin.ts              | 1511 |  +1511 | dirty
2026-07-28 22:37:00 | REMOVE | backend/src/routes/admin.ts              |    0 |  -1511 | 
2026-07-28 22:37:00 | REMOVE | backend/src/routes/admin.ts              |    0 |  -1511 | 
2026-07-28 22:37:00 | CREATE | backend/src/routes/admin.ts              | 1516 |  +1516 | dirty
2026-07-28 22:37:00 | CREATE | backend/src/routes/admin.ts              | 1516 |  +1516 | dirty
2026-07-28 22:37:10 | REMOVE | backend/src/routes/admin.ts              |    0 |  -1516 | 
2026-07-28 22:37:10 | REMOVE | backend/src/routes/admin.ts              |    0 |  -1516 | 
2026-07-28 22:37:10 | CREATE | backend/src/routes/admin.ts              | 1516 |  +1516 | dirty
2026-07-28 22:37:10 | CREATE | backend/src/routes/admin.ts              | 1516 |  +1516 | dirty
2026-07-28 22:37:22 | WRITE  | backend/src/routes/admin.ts              | 1516 |        | dirty
2026-07-28 22:37:22 | WRITE  | backend/src/routes/admin.ts              | 1516 |        | dirty
2026-07-28 22:37:53 | REMOVE | backend/src/routes/teacher.ts            |    0 |   -726 | 
2026-07-28 22:37:53 | REMOVE | backend/src/routes/teacher.ts            |    0 |   -726 | 
2026-07-28 22:37:53 | CREATE | backend/src/routes/teacher.ts            |  739 |   +739 | dirty
2026-07-28 22:37:53 | CREATE | backend/src/routes/teacher.ts            |  739 |   +739 | dirty
2026-07-28 22:38:02 | REMOVE | backend/src/routes/teacher.ts            |    0 |   -739 | 
2026-07-28 22:38:02 | REMOVE | backend/src/routes/teacher.ts            |    0 |   -739 | 
2026-07-28 22:38:02 | CREATE | backend/src/routes/teacher.ts            |  739 |   +739 | dirty
2026-07-28 22:38:02 | CREATE | backend/src/routes/teacher.ts            |  739 |   +739 | dirty
2026-07-28 22:38:08 | REMOVE | backend/src/routes/teacher.ts            |    0 |   -739 | 
2026-07-28 22:38:08 | REMOVE | backend/src/routes/teacher.ts            |    0 |   -739 | 
2026-07-28 22:38:08 | CREATE | backend/src/routes/teacher.ts            |  742 |   +742 | dirty
2026-07-28 22:38:08 | CREATE | backend/src/routes/teacher.ts            |  742 |   +742 | dirty
2026-07-28 22:38:19 | REMOVE | backend/src/routes/teacher.ts            |    0 |   -742 | 
2026-07-28 22:38:19 | REMOVE | backend/src/routes/teacher.ts            |    0 |   -742 | 
2026-07-28 22:38:19 | CREATE | backend/src/routes/teacher.ts            |  744 |   +744 | dirty
2026-07-28 22:38:19 | CREATE | backend/src/routes/teacher.ts            |  744 |   +744 | dirty
2026-07-28 22:38:33 | REMOVE | backend/src/routes/teacher.ts            |    0 |   -744 | 
2026-07-28 22:38:33 | REMOVE | backend/src/routes/teacher.ts            |    0 |   -744 | 
2026-07-28 22:38:33 | CREATE | backend/src/routes/teacher.ts            |  806 |   +806 | dirty
2026-07-28 22:38:33 | CREATE | backend/src/routes/teacher.ts            |  806 |   +806 | dirty
2026-07-28 22:39:00 | WRITE  | frontend/src/api/admin.ts                |  398 |     +6 | dirty
2026-07-28 22:39:00 | WRITE  | frontend/src/api/admin.ts                |  398 |     +6 | dirty
2026-07-28 22:39:10 | REMOVE | frontend/src/api/admin.ts                |    0 |   -398 | 
2026-07-28 22:39:10 | REMOVE | frontend/src/api/admin.ts                |    0 |   -398 | 
2026-07-28 22:39:10 | CREATE | frontend/src/api/admin.ts                |  442 |   +442 | dirty
2026-07-28 22:39:10 | CREATE | frontend/src/api/admin.ts                |  442 |   +442 | dirty
2026-07-28 22:39:22 | WRITE  | frontend/src/api/admin.ts                |  448 |     +6 | dirty
2026-07-28 22:39:22 | WRITE  | frontend/src/api/admin.ts                |  448 |     +6 | dirty
2026-07-28 22:39:34 | REMOVE | frontend/src/app/AdminApp.tsx            |    0 |  -3787 | 
2026-07-28 22:39:34 | REMOVE | frontend/src/app/AdminApp.tsx            |    0 |  -3787 | 
2026-07-28 22:39:34 | CREATE | frontend/src/app/AdminApp.tsx            | 3816 |  +3816 | dirty
2026-07-28 22:39:34 | CREATE | frontend/src/app/AdminApp.tsx            | 3816 |  +3816 | dirty
2026-07-28 22:39:42 | REMOVE | frontend/src/app/AdminApp.tsx            |    0 |  -3816 | 
2026-07-28 22:39:42 | REMOVE | frontend/src/app/AdminApp.tsx            |    0 |  -3816 | 
2026-07-28 22:39:42 | CREATE | frontend/src/app/AdminApp.tsx            | 3817 |  +3817 | dirty
2026-07-28 22:39:42 | CREATE | frontend/src/app/AdminApp.tsx            | 3817 |  +3817 | dirty
2026-07-28 22:40:06 | REMOVE | frontend/src/app/AdminApp.tsx            |    0 |  -3817 | 
2026-07-28 22:40:06 | REMOVE | frontend/src/app/AdminApp.tsx            |    0 |  -3817 | 
2026-07-28 22:40:06 | CREATE | frontend/src/app/AdminApp.tsx            | 3821 |  +3821 | dirty
2026-07-28 22:40:06 | CREATE | frontend/src/app/AdminApp.tsx            | 3821 |  +3821 | dirty
2026-07-28 22:40:21 | REMOVE | frontend/src/app/AdminApp.tsx            |    0 |  -3821 | 
2026-07-28 22:40:21 | REMOVE | frontend/src/app/AdminApp.tsx            |    0 |  -3821 | 
2026-07-28 22:40:21 | CREATE | frontend/src/app/AdminApp.tsx            | 3843 |  +3843 | dirty
2026-07-28 22:40:21 | CREATE | frontend/src/app/AdminApp.tsx            | 3843 |  +3843 | dirty
2026-07-28 22:40:26 | REMOVE | frontend/src/app/AdminApp.tsx            |    0 |  -3843 | 
2026-07-28 22:40:26 | REMOVE | frontend/src/app/AdminApp.tsx            |    0 |  -3843 | 
2026-07-28 22:40:26 | CREATE | frontend/src/app/AdminApp.tsx            | 3844 |  +3844 | dirty
2026-07-28 22:40:26 | CREATE | frontend/src/app/AdminApp.tsx            | 3844 |  +3844 | dirty
2026-07-28 22:40:33 | REMOVE | frontend/src/app/AdminApp.tsx            |    0 |  -3844 | 
2026-07-28 22:40:33 | REMOVE | frontend/src/app/AdminApp.tsx            |    0 |  -3844 | 
2026-07-28 22:40:33 | CREATE | frontend/src/app/AdminApp.tsx            | 3848 |  +3848 | dirty
2026-07-28 22:40:33 | CREATE | frontend/src/app/AdminApp.tsx            | 3848 |  +3848 | dirty
2026-07-28 22:40:41 | REMOVE | frontend/src/app/AdminApp.tsx            |    0 |  -3848 | 
2026-07-28 22:40:41 | REMOVE | frontend/src/app/AdminApp.tsx            |    0 |  -3848 | 
2026-07-28 22:40:41 | CREATE | frontend/src/app/AdminApp.tsx            | 3844 |  +3844 | dirty
2026-07-28 22:40:41 | CREATE | frontend/src/app/AdminApp.tsx            | 3844 |  +3844 | dirty
2026-07-28 22:40:46 | REMOVE | frontend/src/app/AdminApp.tsx            |    0 |  -3844 | 
2026-07-28 22:40:46 | REMOVE | frontend/src/app/AdminApp.tsx            |    0 |  -3844 | 
2026-07-28 22:40:46 | CREATE | frontend/src/app/AdminApp.tsx            | 3847 |  +3847 | dirty
2026-07-28 22:40:46 | CREATE | frontend/src/app/AdminApp.tsx            | 3847 |  +3847 | dirty
2026-07-28 22:41:17 | REMOVE | frontend/src/app/AdminApp.tsx            |    0 |  -3847 | 
2026-07-28 22:41:17 | REMOVE | frontend/src/app/AdminApp.tsx            |    0 |  -3847 | 
2026-07-28 22:41:17 | CREATE | frontend/src/app/AdminApp.tsx            | 3849 |  +3849 | dirty
2026-07-28 22:41:17 | CREATE | frontend/src/app/AdminApp.tsx            | 3849 |  +3849 | dirty
2026-07-28 22:42:09 | REMOVE | frontend/src/app/AdminApp.tsx            |    0 |  -3849 | 
2026-07-28 22:42:09 | REMOVE | frontend/src/app/AdminApp.tsx            |    0 |  -3849 | 
2026-07-28 22:42:09 | CREATE | frontend/src/app/AdminApp.tsx            | 3870 |  +3870 | dirty
2026-07-28 22:42:09 | CREATE | frontend/src/app/AdminApp.tsx            | 3870 |  +3870 | dirty
2026-07-28 22:42:17 | REMOVE | frontend/src/app/AdminApp.tsx            |    0 |  -3870 | 
2026-07-28 22:42:17 | REMOVE | frontend/src/app/AdminApp.tsx            |    0 |  -3870 | 
2026-07-28 22:42:17 | CREATE | frontend/src/app/AdminApp.tsx            | 3873 |  +3873 | dirty
2026-07-28 22:42:17 | CREATE | frontend/src/app/AdminApp.tsx            | 3873 |  +3873 | dirty
2026-07-28 22:42:28 | REMOVE | frontend/src/app/AdminApp.tsx            |    0 |  -3873 | 
2026-07-28 22:42:28 | REMOVE | frontend/src/app/AdminApp.tsx            |    0 |  -3873 | 
2026-07-28 22:42:28 | CREATE | frontend/src/app/AdminApp.tsx            | 3875 |  +3875 | dirty
2026-07-28 22:42:28 | CREATE | frontend/src/app/AdminApp.tsx            | 3875 |  +3875 | dirty
2026-07-28 22:42:40 | REMOVE | frontend/src/app/AdminApp.tsx            |    0 |  -3875 | 
2026-07-28 22:42:40 | REMOVE | frontend/src/app/AdminApp.tsx            |    0 |  -3875 | 
2026-07-28 22:42:40 | CREATE | frontend/src/app/AdminApp.tsx            | 3875 |  +3875 | dirty
2026-07-28 22:42:40 | CREATE | frontend/src/app/AdminApp.tsx            | 3875 |  +3875 | dirty
2026-07-28 22:42:45 | REMOVE | frontend/src/app/AdminApp.tsx            |    0 |  -3875 | 
2026-07-28 22:42:45 | REMOVE | frontend/src/app/AdminApp.tsx            |    0 |  -3875 | 
2026-07-28 22:42:45 | CREATE | frontend/src/app/AdminApp.tsx            | 3875 |  +3875 | dirty
2026-07-28 22:42:45 | CREATE | frontend/src/app/AdminApp.tsx            | 3875 |  +3875 | dirty
2026-07-28 22:42:57 | REMOVE | frontend/src/app/AdminApp.tsx            |    0 |  -3875 | 
2026-07-28 22:42:57 | REMOVE | frontend/src/app/AdminApp.tsx            |    0 |  -3875 | 
2026-07-28 22:42:57 | CREATE | frontend/src/app/AdminApp.tsx            | 3879 |  +3879 | dirty
2026-07-28 22:42:57 | CREATE | frontend/src/app/AdminApp.tsx            | 3879 |  +3879 | dirty
2026-07-28 22:43:08 | REMOVE | frontend/src/app/AdminApp.tsx            |    0 |  -3879 | 
2026-07-28 22:43:08 | REMOVE | frontend/src/app/AdminApp.tsx            |    0 |  -3879 | 
2026-07-28 22:43:08 | CREATE | frontend/src/app/AdminApp.tsx            | 3882 |  +3882 | dirty
2026-07-28 22:43:08 | CREATE | frontend/src/app/AdminApp.tsx            | 3882 |  +3882 | dirty
2026-07-28 22:43:15 | REMOVE | frontend/src/app/AdminApp.tsx            |    0 |  -3882 | 
2026-07-28 22:43:15 | REMOVE | frontend/src/app/AdminApp.tsx            |    0 |  -3882 | 
2026-07-28 22:43:15 | CREATE | frontend/src/app/AdminApp.tsx            | 3884 |  +3884 | dirty
2026-07-28 22:43:15 | CREATE | frontend/src/app/AdminApp.tsx            | 3884 |  +3884 | dirty
2026-07-28 22:43:24 | REMOVE | frontend/src/app/AdminApp.tsx            |    0 |  -3884 | 
2026-07-28 22:43:24 | REMOVE | frontend/src/app/AdminApp.tsx            |    0 |  -3884 | 
2026-07-28 22:43:24 | CREATE | frontend/src/app/AdminApp.tsx            | 3884 |  +3884 | dirty
2026-07-28 22:43:24 | CREATE | frontend/src/app/AdminApp.tsx            | 3884 |  +3884 | dirty
2026-07-28 22:43:35 | REMOVE | frontend/src/app/AdminApp.tsx            |    0 |  -3884 | 
2026-07-28 22:43:35 | REMOVE | frontend/src/app/AdminApp.tsx            |    0 |  -3884 | 
2026-07-28 22:43:35 | CREATE | frontend/src/app/AdminApp.tsx            | 3884 |  +3884 | dirty
2026-07-28 22:43:35 | CREATE | frontend/src/app/AdminApp.tsx            | 3884 |  +3884 | dirty
2026-07-28 22:43:49 | WRITE  | frontend/src/app/AdminApp.tsx            | 3884 |        | dirty
2026-07-28 22:43:49 | WRITE  | frontend/src/app/AdminApp.tsx            | 3884 |        | dirty
2026-07-28 22:44:03 | WRITE  | frontend/src/app/AdminApp.tsx            | 3885 |     +1 | dirty
2026-07-28 22:44:03 | WRITE  | frontend/src/app/AdminApp.tsx            | 3885 |     +1 | dirty
2026-07-28 22:44:21 | REMOVE | frontend/src/app/AdminApp.tsx            |    0 |  -3885 | 
2026-07-28 22:44:21 | REMOVE | frontend/src/app/AdminApp.tsx            |    0 |  -3885 | 
2026-07-28 22:44:21 | CREATE | frontend/src/app/AdminApp.tsx            | 3904 |  +3904 | dirty
2026-07-28 22:44:21 | CREATE | frontend/src/app/AdminApp.tsx            | 3904 |  +3904 | dirty
2026-07-28 22:44:28 | REMOVE | frontend/src/app/AdminApp.tsx            |    0 |  -3904 | 
2026-07-28 22:44:28 | REMOVE | frontend/src/app/AdminApp.tsx            |    0 |  -3904 | 
2026-07-28 22:44:28 | CREATE | frontend/src/app/AdminApp.tsx            | 3918 |  +3918 | dirty
2026-07-28 22:44:28 | CREATE | frontend/src/app/AdminApp.tsx            | 3918 |  +3918 | dirty
2026-07-28 22:44:33 | REMOVE | frontend/src/app/AdminApp.tsx            |    0 |  -3918 | 
2026-07-28 22:44:33 | REMOVE | frontend/src/app/AdminApp.tsx            |    0 |  -3918 | 
2026-07-28 22:44:33 | CREATE | frontend/src/app/AdminApp.tsx            | 3920 |  +3920 | dirty
2026-07-28 22:44:33 | CREATE | frontend/src/app/AdminApp.tsx            | 3920 |  +3920 | dirty
2026-07-28 22:44:55 | WRITE  | frontend/src/app/AdminApp.tsx            | 3921 |     +1 | dirty
2026-07-28 22:44:55 | WRITE  | frontend/src/app/AdminApp.tsx            | 3921 |     +1 | dirty
2026-07-28 22:45:02 | REMOVE | frontend/src/app/AdminApp.tsx            |    0 |  -3921 | 
2026-07-28 22:45:02 | REMOVE | frontend/src/app/AdminApp.tsx            |    0 |  -3921 | 
2026-07-28 22:45:02 | CREATE | frontend/src/app/AdminApp.tsx            | 3930 |  +3930 | dirty
2026-07-28 22:45:02 | CREATE | frontend/src/app/AdminApp.tsx            | 3930 |  +3930 | dirty
2026-07-28 22:45:11 | REMOVE | frontend/src/app/AdminApp.tsx            |    0 |  -3930 | 
2026-07-28 22:45:11 | REMOVE | frontend/src/app/AdminApp.tsx            |    0 |  -3930 | 
2026-07-28 22:45:11 | CREATE | frontend/src/app/AdminApp.tsx            | 3940 |  +3940 | dirty
2026-07-28 22:45:11 | CREATE | frontend/src/app/AdminApp.tsx            | 3940 |  +3940 | dirty
2026-07-28 22:45:31 | REMOVE | frontend/src/app/AdminApp.tsx            |    0 |  -3940 | 
2026-07-28 22:45:31 | REMOVE | frontend/src/app/AdminApp.tsx            |    0 |  -3940 | 
2026-07-28 22:45:31 | CREATE | frontend/src/app/AdminApp.tsx            | 3947 |  +3947 | dirty
2026-07-28 22:45:31 | CREATE | frontend/src/app/AdminApp.tsx            | 3947 |  +3947 | dirty
2026-07-28 22:45:50 | REMOVE | frontend/src/app/AdminApp.tsx            |    0 |  -3947 | 
2026-07-28 22:45:50 | REMOVE | frontend/src/app/AdminApp.tsx            |    0 |  -3947 | 
2026-07-28 22:45:50 | CREATE | frontend/src/app/AdminApp.tsx            | 3949 |  +3949 | dirty
2026-07-28 22:45:50 | CREATE | frontend/src/app/AdminApp.tsx            | 3949 |  +3949 | dirty
2026-07-28 22:46:04 | REMOVE | frontend/src/app/AdminApp.tsx            |    0 |  -3949 | 
2026-07-28 22:46:04 | REMOVE | frontend/src/app/AdminApp.tsx            |    0 |  -3949 | 
2026-07-28 22:46:04 | CREATE | frontend/src/app/AdminApp.tsx            | 3950 |  +3950 | dirty
2026-07-28 22:46:04 | CREATE | frontend/src/app/AdminApp.tsx            | 3950 |  +3950 | dirty
2026-07-28 22:46:16 | REMOVE | frontend/src/app/AdminApp.tsx            |    0 |  -3950 | 
2026-07-28 22:46:16 | REMOVE | frontend/src/app/AdminApp.tsx            |    0 |  -3950 | 
2026-07-28 22:46:16 | CREATE | frontend/src/app/AdminApp.tsx            | 3954 |  +3954 | dirty
2026-07-28 22:46:16 | CREATE | frontend/src/app/AdminApp.tsx            | 3954 |  +3954 | dirty
2026-07-28 22:46:23 | WRITE  | frontend/src/app/TeacherApp.tsx          | 1328 |        | dirty
2026-07-28 22:46:23 | WRITE  | frontend/src/app/TeacherApp.tsx          | 1328 |        | dirty
2026-07-28 22:46:41 | REMOVE | frontend/src/api/teacher.ts              |    0 |   -223 | 
2026-07-28 22:46:41 | REMOVE | frontend/src/api/teacher.ts              |    0 |   -223 | 
2026-07-28 22:46:41 | CREATE | frontend/src/api/teacher.ts              |  253 |   +253 | dirty
2026-07-28 22:46:41 | CREATE | frontend/src/api/teacher.ts              |  253 |   +253 | dirty
2026-07-28 22:46:57 | REMOVE | frontend/src/app/TeacherApp.tsx          |    0 |  -1328 | 
2026-07-28 22:46:57 | REMOVE | frontend/src/app/TeacherApp.tsx          |    0 |  -1328 | 
2026-07-28 22:46:57 | CREATE | frontend/src/app/TeacherApp.tsx          | 1344 |  +1344 | dirty
2026-07-28 22:46:57 | CREATE | frontend/src/app/TeacherApp.tsx          | 1344 |  +1344 | dirty
2026-07-28 22:47:06 | REMOVE | frontend/src/app/TeacherApp.tsx          |    0 |  -1344 | 
2026-07-28 22:47:06 | REMOVE | frontend/src/app/TeacherApp.tsx          |    0 |  -1344 | 
2026-07-28 22:47:06 | CREATE | frontend/src/app/TeacherApp.tsx          | 1348 |  +1348 | dirty
2026-07-28 22:47:06 | CREATE | frontend/src/app/TeacherApp.tsx          | 1348 |  +1348 | dirty
2026-07-28 22:47:13 | REMOVE | frontend/src/app/TeacherApp.tsx          |    0 |  -1348 | 
2026-07-28 22:47:13 | REMOVE | frontend/src/app/TeacherApp.tsx          |    0 |  -1348 | 
2026-07-28 22:47:13 | CREATE | frontend/src/app/TeacherApp.tsx          | 1348 |  +1348 | dirty
2026-07-28 22:47:13 | CREATE | frontend/src/app/TeacherApp.tsx          | 1348 |  +1348 | dirty
2026-07-28 22:47:27 | REMOVE | frontend/src/app/TeacherApp.tsx          |    0 |  -1348 | 
2026-07-28 22:47:27 | REMOVE | frontend/src/app/TeacherApp.tsx          |    0 |  -1348 | 
2026-07-28 22:47:28 | CREATE | frontend/src/app/TeacherApp.tsx          | 1349 |  +1349 | dirty
2026-07-28 22:47:28 | CREATE | frontend/src/app/TeacherApp.tsx          | 1349 |  +1349 | dirty
2026-07-28 22:47:49 | WRITE  | frontend/src/app/TeacherApp.tsx          | 1359 |    +10 | dirty
2026-07-28 22:47:49 | WRITE  | frontend/src/app/TeacherApp.tsx          | 1359 |    +10 | dirty
2026-07-28 22:48:04 | REMOVE | frontend/src/app/AdminApp.tsx            |    0 |  -3954 | 
2026-07-28 22:48:04 | REMOVE | frontend/src/app/AdminApp.tsx            |    0 |  -3954 | 
2026-07-28 22:48:04 | CREATE | frontend/src/app/AdminApp.tsx            | 3963 |  +3963 | dirty
2026-07-28 22:48:04 | CREATE | frontend/src/app/AdminApp.tsx            | 3963 |  +3963 | dirty
2026-07-28 22:48:48 | REMOVE | frontend/src/app/AdminApp.tsx            |    0 |  -3963 | 
2026-07-28 22:48:48 | REMOVE | frontend/src/app/AdminApp.tsx            |    0 |  -3963 | 
2026-07-28 22:48:48 | CREATE | frontend/src/app/AdminApp.tsx            | 3963 |  +3963 | dirty
2026-07-28 22:48:48 | CREATE | frontend/src/app/AdminApp.tsx            | 3963 |  +3963 | dirty
2026-07-28 22:48:55 | REMOVE | frontend/src/app/AdminApp.tsx            |    0 |  -3963 | 
2026-07-28 22:48:55 | REMOVE | frontend/src/app/AdminApp.tsx            |    0 |  -3963 | 
2026-07-28 22:48:55 | CREATE | frontend/src/app/AdminApp.tsx            | 3980 |  +3980 | dirty
2026-07-28 22:48:55 | CREATE | frontend/src/app/AdminApp.tsx            | 3980 |  +3980 | dirty
2026-07-28 22:49:00 | REMOVE | frontend/src/app/AdminApp.tsx            |    0 |  -3980 | 
2026-07-28 22:49:00 | REMOVE | frontend/src/app/AdminApp.tsx            |    0 |  -3980 | 
2026-07-28 22:49:00 | CREATE | frontend/src/app/AdminApp.tsx            | 3981 |  +3981 | dirty
2026-07-28 22:49:00 | CREATE | frontend/src/app/AdminApp.tsx            | 3981 |  +3981 | dirty
2026-07-28 23:55:14 | REMOVE | backend/src/lib/usage.ts                 |    0 |    -92 | 
2026-07-28 23:55:14 | REMOVE | backend/src/lib/usage.ts                 |    0 |    -92 | 
2026-07-28 23:55:14 | CREATE | backend/src/lib/usage.ts                 |   97 |    +97 | 
2026-07-28 23:55:14 | CREATE | backend/src/lib/usage.ts                 |   97 |    +97 | 
2026-07-28 23:55:28 | WRITE  | backend/src/routes/admin.ts              | 1516 |        | dirty
2026-07-28 23:55:28 | WRITE  | backend/src/routes/admin.ts              | 1516 |        | dirty
2026-07-28 23:55:40 | REMOVE | backend/src/routes/gallery.ts            |    0 |   -227 | 
2026-07-28 23:55:40 | REMOVE | backend/src/routes/gallery.ts            |    0 |   -227 | 
2026-07-28 23:55:40 | CREATE | backend/src/routes/gallery.ts            |  227 |   +227 | dirty
2026-07-28 23:55:40 | CREATE | backend/src/routes/gallery.ts            |  227 |   +227 | dirty
2026-07-28 23:55:45 | REMOVE | backend/src/routes/gallery.ts            |    0 |   -227 | 
2026-07-28 23:55:45 | REMOVE | backend/src/routes/gallery.ts            |    0 |   -227 | 
2026-07-28 23:55:45 | CREATE | backend/src/routes/gallery.ts            |  228 |   +228 | dirty
2026-07-28 23:55:45 | CREATE | backend/src/routes/gallery.ts            |  228 |   +228 | dirty
2026-07-30 01:07:48 | CREATE | frontend/src/lib/useResource.ts          |  222 |   +222 | 
2026-07-30 01:07:48 | CREATE | frontend/src/lib/useResource.ts          |  222 |   +222 | 
2026-07-30 01:08:02 | REMOVE | frontend/src/lib/useResource.ts          |    0 |   -222 | 
2026-07-30 01:08:02 | REMOVE | frontend/src/lib/useResource.ts          |    0 |   -222 | 
2026-07-30 01:08:02 | CREATE | frontend/src/lib/useResource.ts          |  221 |   +221 | 
2026-07-30 01:08:02 | CREATE | frontend/src/lib/useResource.ts          |  221 |   +221 | 
2026-07-30 01:08:08 | REMOVE | frontend/src/lib/useResource.ts          |    0 |   -221 | 
2026-07-30 01:08:08 | REMOVE | frontend/src/lib/useResource.ts          |    0 |   -221 | 
2026-07-30 01:08:08 | CREATE | frontend/src/lib/useResource.ts          |  223 |   +223 | 
2026-07-30 01:08:08 | CREATE | frontend/src/lib/useResource.ts          |  223 |   +223 | 
2026-07-30 01:08:39 | REMOVE | frontend/src/app/ParentApp.tsx           |    0 |  -1519 | 
2026-07-30 01:08:39 | REMOVE | frontend/src/app/ParentApp.tsx           |    0 |  -1519 | 
2026-07-30 01:08:39 | CREATE | frontend/src/app/ParentApp.tsx           | 1511 |  +1511 | dirty
2026-07-30 01:08:39 | CREATE | frontend/src/app/ParentApp.tsx           | 1511 |  +1511 | dirty
2026-07-30 01:08:46 | REMOVE | frontend/src/app/ParentApp.tsx           |    0 |  -1511 | 
2026-07-30 01:08:46 | REMOVE | frontend/src/app/ParentApp.tsx           |    0 |  -1511 | 
2026-07-30 01:08:46 | CREATE | frontend/src/app/ParentApp.tsx           | 1519 |  +1519 | dirty
2026-07-30 01:08:46 | CREATE | frontend/src/app/ParentApp.tsx           | 1519 |  +1519 | dirty
2026-07-30 01:08:59 | REMOVE | frontend/src/app/ParentApp.tsx           |    0 |  -1519 | 
2026-07-30 01:08:59 | REMOVE | frontend/src/app/ParentApp.tsx           |    0 |  -1519 | 
2026-07-30 01:08:59 | CREATE | frontend/src/app/ParentApp.tsx           | 1521 |  +1521 | dirty
2026-07-30 01:08:59 | CREATE | frontend/src/app/ParentApp.tsx           | 1521 |  +1521 | dirty
2026-07-30 01:09:07 | REMOVE | frontend/src/app/ParentApp.tsx           |    0 |  -1521 | 
2026-07-30 01:09:07 | REMOVE | frontend/src/app/ParentApp.tsx           |    0 |  -1521 | 
2026-07-30 01:09:07 | CREATE | frontend/src/app/ParentApp.tsx           | 1523 |  +1523 | dirty
2026-07-30 01:09:07 | CREATE | frontend/src/app/ParentApp.tsx           | 1523 |  +1523 | dirty
2026-07-30 01:09:08 | REMOVE | frontend/src/app/ParentApp.tsx           |    0 |  -1523 | 
2026-07-30 01:09:08 | REMOVE | frontend/src/app/ParentApp.tsx           |    0 |  -1523 | 
2026-07-30 01:09:08 | CREATE | frontend/src/app/ParentApp.tsx           | 1523 |  +1523 | dirty
2026-07-30 01:09:08 | CREATE | frontend/src/app/ParentApp.tsx           | 1523 |  +1523 | dirty
2026-07-30 01:09:19 | REMOVE | frontend/src/app/ParentApp.tsx           |    0 |  -1523 | 
2026-07-30 01:09:19 | REMOVE | frontend/src/app/ParentApp.tsx           |    0 |  -1523 | 
2026-07-30 01:09:19 | CREATE | frontend/src/app/ParentApp.tsx           | 1507 |  +1507 | dirty
2026-07-30 01:09:19 | CREATE | frontend/src/app/ParentApp.tsx           | 1507 |  +1507 | dirty
2026-07-30 01:09:23 | REMOVE | frontend/src/app/ParentApp.tsx           |    0 |  -1507 | 
2026-07-30 01:09:23 | REMOVE | frontend/src/app/ParentApp.tsx           |    0 |  -1507 | 
2026-07-30 01:09:24 | CREATE | frontend/src/app/ParentApp.tsx           | 1512 |  +1512 | dirty
2026-07-30 01:09:24 | CREATE | frontend/src/app/ParentApp.tsx           | 1512 |  +1512 | dirty
2026-07-30 01:09:31 | REMOVE | frontend/src/app/ParentApp.tsx           |    0 |  -1512 | 
2026-07-30 01:09:31 | REMOVE | frontend/src/app/ParentApp.tsx           |    0 |  -1512 | 
2026-07-30 01:09:31 | CREATE | frontend/src/app/ParentApp.tsx           | 1506 |  +1506 | dirty
2026-07-30 01:09:31 | CREATE | frontend/src/app/ParentApp.tsx           | 1506 |  +1506 | dirty
2026-07-30 01:09:42 | REMOVE | frontend/src/app/ParentApp.tsx           |    0 |  -1506 | 
2026-07-30 01:09:42 | REMOVE | frontend/src/app/ParentApp.tsx           |    0 |  -1506 | 
2026-07-30 01:09:42 | CREATE | frontend/src/app/ParentApp.tsx           | 1491 |  +1491 | dirty
2026-07-30 01:09:42 | CREATE | frontend/src/app/ParentApp.tsx           | 1491 |  +1491 | dirty
2026-07-30 01:10:31 | REMOVE | frontend/src/app/TeacherApp.tsx          |    0 |  -1359 | 
2026-07-30 01:10:31 | REMOVE | frontend/src/app/TeacherApp.tsx          |    0 |  -1359 | 
2026-07-30 01:10:31 | CREATE | frontend/src/app/TeacherApp.tsx          | 1350 |  +1350 | dirty
2026-07-30 01:10:31 | CREATE | frontend/src/app/TeacherApp.tsx          | 1350 |  +1350 | dirty
2026-07-30 01:10:49 | REMOVE | frontend/src/app/TeacherApp.tsx          |    0 |  -1350 | 
2026-07-30 01:10:49 | REMOVE | frontend/src/app/TeacherApp.tsx          |    0 |  -1350 | 
2026-07-30 01:10:49 | CREATE | frontend/src/app/TeacherApp.tsx          | 1347 |  +1347 | dirty
2026-07-30 01:10:49 | CREATE | frontend/src/app/TeacherApp.tsx          | 1347 |  +1347 | dirty
2026-07-30 01:10:58 | REMOVE | frontend/src/app/TeacherApp.tsx          |    0 |  -1347 | 
2026-07-30 01:10:58 | REMOVE | frontend/src/app/TeacherApp.tsx          |    0 |  -1347 | 
2026-07-30 01:10:58 | CREATE | frontend/src/app/TeacherApp.tsx          | 1342 |  +1342 | dirty
2026-07-30 01:10:58 | CREATE | frontend/src/app/TeacherApp.tsx          | 1342 |  +1342 | dirty
2026-07-30 01:11:04 | REMOVE | frontend/src/app/TeacherApp.tsx          |    0 |  -1342 | 
2026-07-30 01:11:04 | REMOVE | frontend/src/app/TeacherApp.tsx          |    0 |  -1342 | 
2026-07-30 01:11:04 | CREATE | frontend/src/app/TeacherApp.tsx          | 1351 |  +1351 | dirty
2026-07-30 01:11:04 | CREATE | frontend/src/app/TeacherApp.tsx          | 1351 |  +1351 | dirty
2026-07-30 01:11:10 | REMOVE | frontend/src/app/TeacherApp.tsx          |    0 |  -1351 | 
2026-07-30 01:11:10 | REMOVE | frontend/src/app/TeacherApp.tsx          |    0 |  -1351 | 
2026-07-30 01:11:10 | CREATE | frontend/src/app/TeacherApp.tsx          | 1355 |  +1355 | dirty
2026-07-30 01:11:10 | CREATE | frontend/src/app/TeacherApp.tsx          | 1355 |  +1355 | dirty
2026-07-30 01:11:18 | REMOVE | frontend/src/app/TeacherApp.tsx          |    0 |  -1355 | 
2026-07-30 01:11:18 | REMOVE | frontend/src/app/TeacherApp.tsx          |    0 |  -1355 | 
2026-07-30 01:11:18 | CREATE | frontend/src/app/TeacherApp.tsx          | 1358 |  +1358 | dirty
2026-07-30 01:11:18 | CREATE | frontend/src/app/TeacherApp.tsx          | 1358 |  +1358 | dirty
2026-07-30 01:11:26 | REMOVE | frontend/src/app/TeacherApp.tsx          |    0 |  -1358 | 
2026-07-30 01:11:26 | REMOVE | frontend/src/app/TeacherApp.tsx          |    0 |  -1358 | 
2026-07-30 01:11:26 | CREATE | frontend/src/app/TeacherApp.tsx          | 1365 |  +1365 | dirty
2026-07-30 01:11:26 | CREATE | frontend/src/app/TeacherApp.tsx          | 1365 |  +1365 | dirty
2026-07-30 01:11:37 | REMOVE | frontend/src/app/TeacherApp.tsx          |    0 |  -1365 | 
2026-07-30 01:11:37 | REMOVE | frontend/src/app/TeacherApp.tsx          |    0 |  -1365 | 
2026-07-30 01:11:37 | CREATE | frontend/src/app/TeacherApp.tsx          | 1367 |  +1367 | dirty
2026-07-30 01:11:37 | CREATE | frontend/src/app/TeacherApp.tsx          | 1367 |  +1367 | dirty
2026-07-30 01:11:57 | REMOVE | frontend/src/app/TeacherApp.tsx          |    0 |  -1367 | 
2026-07-30 01:11:57 | REMOVE | frontend/src/app/TeacherApp.tsx          |    0 |  -1367 | 
2026-07-30 01:11:57 | CREATE | frontend/src/app/TeacherApp.tsx          | 1373 |  +1373 | dirty
2026-07-30 01:11:57 | CREATE | frontend/src/app/TeacherApp.tsx          | 1373 |  +1373 | dirty
2026-07-30 01:12:02 | REMOVE | frontend/src/app/TeacherApp.tsx          |    0 |  -1373 | 
2026-07-30 01:12:02 | REMOVE | frontend/src/app/TeacherApp.tsx          |    0 |  -1373 | 
2026-07-30 01:12:02 | CREATE | frontend/src/app/TeacherApp.tsx          | 1374 |  +1374 | dirty
2026-07-30 01:12:02 | CREATE | frontend/src/app/TeacherApp.tsx          | 1374 |  +1374 | dirty
2026-07-30 01:12:09 | REMOVE | frontend/src/app/TeacherApp.tsx          |    0 |  -1374 | 
2026-07-30 01:12:09 | REMOVE | frontend/src/app/TeacherApp.tsx          |    0 |  -1374 | 
2026-07-30 01:12:09 | CREATE | frontend/src/app/TeacherApp.tsx          | 1373 |  +1373 | dirty
2026-07-30 01:12:09 | CREATE | frontend/src/app/TeacherApp.tsx          | 1373 |  +1373 | dirty
2026-07-30 01:12:22 | REMOVE | frontend/src/app/TeacherApp.tsx          |    0 |  -1373 | 
2026-07-30 01:12:22 | REMOVE | frontend/src/app/TeacherApp.tsx          |    0 |  -1373 | 
2026-07-30 01:12:22 | CREATE | frontend/src/app/TeacherApp.tsx          | 1375 |  +1375 | dirty
2026-07-30 01:12:22 | CREATE | frontend/src/app/TeacherApp.tsx          | 1375 |  +1375 | dirty
2026-07-30 01:12:30 | REMOVE | frontend/src/app/TeacherApp.tsx          |    0 |  -1375 | 
2026-07-30 01:12:30 | REMOVE | frontend/src/app/TeacherApp.tsx          |    0 |  -1375 | 
2026-07-30 01:12:30 | CREATE | frontend/src/app/TeacherApp.tsx          | 1367 |  +1367 | dirty
2026-07-30 01:12:30 | CREATE | frontend/src/app/TeacherApp.tsx          | 1367 |  +1367 | dirty
2026-07-30 01:12:43 | REMOVE | frontend/src/app/TeacherApp.tsx          |    0 |  -1367 | 
2026-07-30 01:12:43 | REMOVE | frontend/src/app/TeacherApp.tsx          |    0 |  -1367 | 
2026-07-30 01:12:43 | CREATE | frontend/src/app/TeacherApp.tsx          | 1365 |  +1365 | dirty
2026-07-30 01:12:43 | CREATE | frontend/src/app/TeacherApp.tsx          | 1365 |  +1365 | dirty
2026-07-30 01:12:47 | REMOVE | frontend/src/app/TeacherApp.tsx          |    0 |  -1365 | 
2026-07-30 01:12:47 | REMOVE | frontend/src/app/TeacherApp.tsx          |    0 |  -1365 | 
2026-07-30 01:12:47 | CREATE | frontend/src/app/TeacherApp.tsx          | 1369 |  +1369 | dirty
2026-07-30 01:12:47 | CREATE | frontend/src/app/TeacherApp.tsx          | 1369 |  +1369 | dirty
2026-07-30 01:13:31 | REMOVE | frontend/src/lib/useResource.ts          |    0 |   -223 | 
2026-07-30 01:13:31 | REMOVE | frontend/src/lib/useResource.ts          |    0 |   -223 | 
2026-07-30 01:13:31 | CREATE | frontend/src/lib/useResource.ts          |  227 |   +227 | 
2026-07-30 01:13:31 | CREATE | frontend/src/lib/useResource.ts          |  227 |   +227 | 
2026-07-30 01:13:35 | REMOVE | frontend/src/lib/useResource.ts          |    0 |   -227 | 
2026-07-30 01:13:35 | REMOVE | frontend/src/lib/useResource.ts          |    0 |   -227 | 
2026-07-30 01:13:35 | CREATE | frontend/src/lib/useResource.ts          |  227 |   +227 | 
2026-07-30 01:13:35 | CREATE | frontend/src/lib/useResource.ts          |  227 |   +227 | 
2026-07-30 01:13:53 | REMOVE | frontend/src/app/AdminApp.tsx            |    0 |  -3981 | 
2026-07-30 01:13:53 | REMOVE | frontend/src/app/AdminApp.tsx            |    0 |  -3981 | 
2026-07-30 01:13:53 | CREATE | frontend/src/app/AdminApp.tsx            | 3983 |  +3983 | dirty
2026-07-30 01:13:53 | CREATE | frontend/src/app/AdminApp.tsx            | 3983 |  +3983 | dirty
2026-07-30 01:14:04 | REMOVE | frontend/src/app/AdminApp.tsx            |    0 |  -3983 | 
2026-07-30 01:14:04 | REMOVE | frontend/src/app/AdminApp.tsx            |    0 |  -3983 | 
2026-07-30 01:14:04 | CREATE | frontend/src/app/AdminApp.tsx            | 3984 |  +3984 | dirty
2026-07-30 01:14:04 | CREATE | frontend/src/app/AdminApp.tsx            | 3984 |  +3984 | dirty
2026-07-30 01:14:13 | REMOVE | frontend/src/app/AdminApp.tsx            |    0 |  -3984 | 
2026-07-30 01:14:13 | REMOVE | frontend/src/app/AdminApp.tsx            |    0 |  -3984 | 
2026-07-30 01:14:13 | CREATE | frontend/src/app/AdminApp.tsx            | 3992 |  +3992 | dirty
2026-07-30 01:14:13 | CREATE | frontend/src/app/AdminApp.tsx            | 3992 |  +3992 | dirty
2026-07-30 01:14:18 | REMOVE | frontend/src/app/AdminApp.tsx            |    0 |  -3992 | 
2026-07-30 01:14:18 | REMOVE | frontend/src/app/AdminApp.tsx            |    0 |  -3992 | 
2026-07-30 01:14:18 | CREATE | frontend/src/app/AdminApp.tsx            | 3992 |  +3992 | dirty
2026-07-30 01:14:18 | CREATE | frontend/src/app/AdminApp.tsx            | 3992 |  +3992 | dirty
2026-07-30 01:14:28 | REMOVE | frontend/src/app/AdminApp.tsx            |    0 |  -3992 | 
2026-07-30 01:14:28 | REMOVE | frontend/src/app/AdminApp.tsx            |    0 |  -3992 | 
2026-07-30 01:14:28 | CREATE | frontend/src/app/AdminApp.tsx            | 4001 |  +4001 | dirty
2026-07-30 01:14:28 | CREATE | frontend/src/app/AdminApp.tsx            | 4001 |  +4001 | dirty
2026-07-30 01:14:36 | REMOVE | frontend/src/app/AdminApp.tsx            |    0 |  -4001 | 
2026-07-30 01:14:36 | REMOVE | frontend/src/app/AdminApp.tsx            |    0 |  -4001 | 
2026-07-30 01:14:36 | CREATE | frontend/src/app/AdminApp.tsx            | 3991 |  +3991 | dirty
2026-07-30 01:14:36 | CREATE | frontend/src/app/AdminApp.tsx            | 3991 |  +3991 | dirty
2026-07-30 01:14:52 | REMOVE | frontend/src/app/AdminApp.tsx            |    0 |  -3991 | 
2026-07-30 01:14:52 | REMOVE | frontend/src/app/AdminApp.tsx            |    0 |  -3991 | 
2026-07-30 01:14:52 | CREATE | frontend/src/app/AdminApp.tsx            | 3992 |  +3992 | dirty
2026-07-30 01:14:52 | CREATE | frontend/src/app/AdminApp.tsx            | 3992 |  +3992 | dirty
2026-07-30 01:15:07 | REMOVE | frontend/src/app/AdminApp.tsx            |    0 |  -3992 | 
2026-07-30 01:15:07 | REMOVE | frontend/src/app/AdminApp.tsx            |    0 |  -3992 | 
2026-07-30 01:15:07 | CREATE | frontend/src/app/AdminApp.tsx            | 3994 |  +3994 | dirty
2026-07-30 01:15:07 | CREATE | frontend/src/app/AdminApp.tsx            | 3994 |  +3994 | dirty
2026-07-30 01:15:16 | REMOVE | frontend/src/app/Albums.tsx              |    0 |   -709 | 
2026-07-30 01:15:16 | REMOVE | frontend/src/app/Albums.tsx              |    0 |   -709 | 
2026-07-30 01:15:16 | CREATE | frontend/src/app/Albums.tsx              |  709 |   +709 | dirty
2026-07-30 01:15:16 | CREATE | frontend/src/app/Albums.tsx              |  709 |   +709 | dirty
2026-07-30 01:15:23 | REMOVE | frontend/src/app/Albums.tsx              |    0 |   -709 | 
2026-07-30 01:15:23 | REMOVE | frontend/src/app/Albums.tsx              |    0 |   -709 | 
2026-07-30 01:15:23 | CREATE | frontend/src/app/Albums.tsx              |  699 |   +699 | dirty
2026-07-30 01:15:23 | CREATE | frontend/src/app/Albums.tsx              |  699 |   +699 | dirty
2026-07-30 01:15:50 | REMOVE | frontend/src/app/Albums.tsx              |    0 |   -699 | 
2026-07-30 01:15:50 | REMOVE | frontend/src/app/Albums.tsx              |    0 |   -699 | 
2026-07-30 01:15:50 | CREATE | frontend/src/app/Albums.tsx              |  700 |   +700 | dirty
2026-07-30 01:15:50 | CREATE | frontend/src/app/Albums.tsx              |  700 |   +700 | dirty
2026-08-06 13:13:58 | CREATE | python/file_rename.py                    |    0 |        | 
2026-08-06 13:13:58 | CREATE | python/file_rename.py                    |    0 |        | 
2026-08-06 13:14:12 | WRITE  | python/file_rename.py                    |    1 |     +1 | 
2026-08-06 13:15:40 | WRITE  | python/file_rename.py                    |    7 |     +6 | 
2026-08-06 13:17:16 | WRITE  | python/file_rename.py                    |   12 |     +5 | 
2026-08-06 13:18:31 | WRITE  | python/file_rename.py                    |   17 |     +5 | 
2026-08-06 13:20:11 | WRITE  | python/file_rename.py                    |   24 |     +7 | 
2026-08-06 13:21:16 | WRITE  | python/file_rename.py                    |   26 |     +2 | 
2026-08-06 13:24:19 | WRITE  | python/file_rename.py                    |   31 |     +5 | 
2026-08-06 13:28:40 | WRITE  | python/file_rename.py                    |   44 |    +13 | 
2026-08-06 13:28:47 | WRITE  | python/file_rename.py                    |   44 |        | 
2026-08-06 13:31:21 | WRITE  | python/file_rename.py                    |   36 |     -8 | 
2026-08-06 13:32:13 | WRITE  | python/file_rename.py                    |   36 |        | 
2026-08-06 13:35:11 | WRITE  | python/file_rename.py                    |   36 |        | 
2026-08-25 09:23:39 | REMOVE | frontend/src/app/AdminApp.tsx            |    0 |  -3988 | 
2026-08-25 09:23:39 | CREATE | frontend/src/app/AdminApp.tsx            | 3991 |  +3991 | dirty
2026-08-25 09:23:41 | REMOVE | frontend/src/app/AdminApp.tsx            |    0 |  -3991 | 
2026-08-25 09:23:41 | CREATE | frontend/src/app/AdminApp.tsx            | 3992 |  +3992 | dirty
2026-08-25 09:23:46 | REMOVE | frontend/src/app/AdminApp.tsx            |    0 |  -3992 | 
2026-08-25 09:23:46 | CREATE | frontend/src/app/AdminApp.tsx            | 3999 |  +3999 | dirty
2026-08-25 09:24:00 | REMOVE | frontend/src/app/AdminApp.tsx            |    0 |  -3999 | 
2026-08-25 09:24:00 | CREATE | frontend/src/app/AdminApp.tsx            | 4057 |  +4057 | dirty
2026-08-25 09:24:11 | REMOVE | frontend/src/app/AdminApp.tsx            |    0 |  -4057 | 
2026-08-25 09:24:11 | CREATE | frontend/src/app/AdminApp.tsx            | 4057 |  +4057 | dirty
2026-08-25 09:24:28 | REMOVE | frontend/src/app/AdminApp.tsx            |    0 |  -4057 | 
2026-08-25 09:24:28 | CREATE | frontend/src/app/AdminApp.tsx            | 4056 |  +4056 | dirty
2026-08-25 09:24:33 | REMOVE | frontend/src/app/AdminApp.tsx            |    0 |  -4056 | 
2026-08-25 09:24:33 | CREATE | frontend/src/app/AdminApp.tsx            | 4059 |  +4059 | dirty
2026-08-25 09:24:38 | REMOVE | frontend/src/app/AdminApp.tsx            |    0 |  -4059 | 
2026-08-25 09:24:38 | CREATE | frontend/src/app/AdminApp.tsx            | 4055 |  +4055 | dirty
2026-08-25 09:24:56 | REMOVE | frontend/src/app/AdminApp.tsx            |    0 |  -4055 | 
2026-08-25 09:24:56 | CREATE | frontend/src/app/AdminApp.tsx            | 4076 |  +4076 | dirty
2026-08-25 09:25:06 | REMOVE | frontend/src/app/AdminApp.tsx            |    0 |  -4076 | 
2026-08-25 09:25:06 | CREATE | frontend/src/app/AdminApp.tsx            | 4079 |  +4079 | dirty
2026-08-25 09:25:18 | REMOVE | frontend/src/app/AdminApp.tsx            |    0 |  -4079 | 
2026-08-25 09:25:18 | CREATE | frontend/src/app/AdminApp.tsx            | 4079 |  +4079 | dirty
2026-08-25 09:25:27 | REMOVE | frontend/src/app/AdminApp.tsx            |    0 |  -4079 | 
2026-08-25 09:25:27 | CREATE | frontend/src/app/AdminApp.tsx            | 4079 |  +4079 | dirty
2026-08-25 09:25:31 | REMOVE | frontend/src/app/AdminApp.tsx            |    0 |  -4079 | 
2026-08-25 09:25:31 | CREATE | frontend/src/app/AdminApp.tsx            | 4079 |  +4079 | dirty
2026-08-25 09:25:35 | REMOVE | frontend/src/app/AdminApp.tsx            |    0 |  -4079 | 
2026-08-25 09:25:35 | CREATE | frontend/src/app/AdminApp.tsx            | 4079 |  +4079 | dirty
2026-08-25 09:43:50 | REMOVE | backend/src/routes/admin.ts              |    0 |  -1516 | 
2026-08-25 09:43:50 | CREATE | backend/src/routes/admin.ts              | 1570 |  +1570 | dirty
2026-08-25 09:43:58 | REMOVE | backend/src/routes/admin.ts              |    0 |  -1570 | 
2026-08-25 09:43:58 | CREATE | backend/src/routes/admin.ts              | 1571 |  +1571 | dirty
2026-08-25 09:44:06 | REMOVE | backend/src/routes/admin.ts              |    0 |  -1571 | 
2026-08-25 09:44:06 | CREATE | backend/src/routes/admin.ts              | 1573 |  +1573 | dirty
2026-08-25 09:45:01 | REMOVE | frontend/src/api/client.ts               |    0 |    -94 | 
2026-08-25 09:45:01 | CREATE | frontend/src/api/client.ts               |  115 |   +115 | dirty
2026-08-25 09:45:06 | REMOVE | frontend/src/api/client.ts               |    0 |   -115 | 
2026-08-25 09:45:06 | CREATE | frontend/src/api/client.ts               |  116 |   +116 | dirty
2026-08-25 09:45:25 | REMOVE | frontend/src/app/AdminApp.tsx            |    0 |  -4079 | 
2026-08-25 09:45:25 | CREATE | frontend/src/app/AdminApp.tsx            | 4085 |  +4085 | dirty
2026-08-25 09:45:38 | REMOVE | frontend/src/app/AdminApp.tsx            |    0 |  -4085 | 
2026-08-25 09:45:38 | CREATE | frontend/src/app/AdminApp.tsx            | 4122 |  +4122 | dirty
2026-08-25 09:45:52 | REMOVE | frontend/src/app/AdminApp.tsx            |    0 |  -4122 | 
2026-08-25 09:45:52 | CREATE | frontend/src/app/AdminApp.tsx            | 4126 |  +4126 | dirty
2026-08-25 09:45:59 | REMOVE | frontend/src/app/AdminApp.tsx            |    0 |  -4126 | 
2026-08-25 09:45:59 | CREATE | frontend/src/app/AdminApp.tsx            | 4127 |  +4127 | dirty
2026-08-25 09:46:15 | REMOVE | frontend/src/app/AdminApp.tsx            |    0 |  -4127 | 
2026-08-25 09:46:15 | CREATE | frontend/src/app/AdminApp.tsx            | 4134 |  +4134 | dirty
2026-08-25 09:46:25 | REMOVE | frontend/src/app/AdminApp.tsx            |    0 |  -4134 | 
2026-08-25 09:46:25 | CREATE | frontend/src/app/AdminApp.tsx            | 4139 |  +4139 | dirty
2026-08-25 09:46:31 | REMOVE | frontend/src/app/AdminApp.tsx            |    0 |  -4139 | 
2026-08-25 09:46:31 | CREATE | frontend/src/app/AdminApp.tsx            | 4139 |  +4139 | dirty
2026-08-25 09:46:43 | REMOVE | frontend/src/app/AdminApp.tsx            |    0 |  -4139 | 
2026-08-25 09:46:43 | CREATE | frontend/src/app/AdminApp.tsx            | 4145 |  +4145 | dirty
2026-08-25 09:46:53 | REMOVE | frontend/src/app/AdminApp.tsx            |    0 |  -4145 | 
2026-08-25 09:46:53 | CREATE | frontend/src/app/AdminApp.tsx            | 4148 |  +4148 | dirty
2026-08-25 09:47:02 | REMOVE | frontend/src/app/AdminApp.tsx            |    0 |  -4148 | 
2026-08-25 09:47:02 | CREATE | frontend/src/app/AdminApp.tsx            | 4153 |  +4153 | dirty
2026-08-25 09:47:17 | REMOVE | frontend/src/app/AdminApp.tsx            |    0 |  -4153 | 
2026-08-25 09:47:17 | CREATE | frontend/src/app/AdminApp.tsx            | 4154 |  +4154 | dirty
2026-08-25 09:47:33 | REMOVE | frontend/src/app/AdminApp.tsx            |    0 |  -4154 | 
2026-08-25 09:47:33 | CREATE | frontend/src/app/AdminApp.tsx            | 4158 |  +4158 | dirty
2026-08-25 09:47:43 | REMOVE | frontend/src/app/AdminApp.tsx            |    0 |  -4158 | 
2026-08-25 09:47:43 | CREATE | frontend/src/app/AdminApp.tsx            | 4159 |  +4159 | dirty
2026-08-25 09:47:52 | REMOVE | frontend/src/app/AdminApp.tsx            |    0 |  -4159 | 
2026-08-25 09:47:52 | CREATE | frontend/src/app/AdminApp.tsx            | 4160 |  +4160 | dirty
2026-08-25 09:52:07 | REMOVE | frontend/src/app/AdminApp.tsx            |    0 |  -4160 | 
2026-08-25 09:52:07 | CREATE | frontend/src/app/AdminApp.tsx            | 4161 |  +4161 | dirty
2026-08-25 09:52:19 | REMOVE | frontend/src/app/AdminApp.tsx            |    0 |  -4161 | 
2026-08-25 09:52:19 | CREATE | frontend/src/app/AdminApp.tsx            | 4162 |  +4162 | dirty
2026-08-25 09:52:28 | REMOVE | frontend/src/app/AdminApp.tsx            |    0 |  -4162 | 
2026-08-25 09:52:28 | CREATE | frontend/src/app/AdminApp.tsx            | 4163 |  +4163 | dirty
2026-08-25 10:17:46 | CREATE | backend/src/lib/rank.ts                  |   86 |    +86 | 
2026-08-25 10:17:50 | REMOVE | backend/src/routes/parent.ts             |    0 |   -410 | 
2026-08-25 10:17:50 | CREATE | backend/src/routes/parent.ts             |  411 |   +411 | dirty
2026-08-25 10:17:56 | REMOVE | backend/src/routes/parent.ts             |    0 |   -411 | 
2026-08-25 10:17:56 | CREATE | backend/src/routes/parent.ts             |  418 |   +418 | dirty
2026-08-25 10:18:04 | REMOVE | backend/src/routes/parent.ts             |    0 |   -418 | 
2026-08-25 10:18:04 | CREATE | backend/src/routes/parent.ts             |  422 |   +422 | dirty
2026-08-25 10:18:09 | REMOVE | frontend/src/api/parent.ts               |    0 |   -156 | 
2026-08-25 10:18:09 | CREATE | frontend/src/api/parent.ts               |  159 |   +159 | dirty
2026-08-25 10:22:22 | REMOVE | frontend/src/api/parent.ts               |    0 |   -159 | 
2026-08-25 10:22:22 | CREATE | frontend/src/api/parent.ts               |  162 |   +162 | dirty
2026-08-25 10:22:27 | REMOVE | frontend/src/app/ParentApp.tsx           |    0 |  -1491 | 
2026-08-25 10:22:27 | CREATE | frontend/src/app/ParentApp.tsx           | 1495 |  +1495 | dirty
